article,token,ann1,ann2,diff,final,
2016-42-3-391-419,From,O,O,F,O,
2016-42-3-391-419,the,O,O,F,O,
2016-42-3-391-419,perspective,O,O,F,O,
2016-42-3-391-419,of,O,O,F,O,
2016-42-3-391-419,structural,B,B,F,B,
2016-42-3-391-419,linguistics,I,I,F,I,
2016-42-3-391-419,",",O,O,F,O,
2016-42-3-391-419,we,O,O,F,O,
2016-42-3-391-419,explore,O,O,F,O,
2016-42-3-391-419,paradigmatic,B,B,F,B,
2016-42-3-391-419,and,I,O,T,O,
2016-42-3-391-419,syntagmatic,I,B,T,B,
2016-42-3-391-419,lexical,I,I,F,I,
2016-42-3-391-419,relations,I,I,F,I,
2016-42-3-391-419,for,O,O,F,O,
2016-42-3-391-419,Chinese,O,O,F,O,
2016-42-3-391-419,POS,B,B,F,B,
2016-42-3-391-419,tagging,I,I,F,I,
2016-42-3-391-419,",",O,O,F,O,
2016-42-3-391-419,an,O,O,F,O,
2016-42-3-391-419,important,O,O,F,O,
2016-42-3-391-419,and,O,O,F,O,
2016-42-3-391-419,challenging,O,O,F,O,
2016-42-3-391-419,task,O,O,F,O,
2016-42-3-391-419,for,O,O,F,O,
2016-42-3-391-419,Chinese,O,O,F,O,
2016-42-3-391-419,language,B,B,F,B,
2016-42-3-391-419,processing,I,I,F,I,
2016-42-3-391-419,.,O,O,F,O,
2016-42-3-391-419,Paradigmatic,B,B,F,B,
2016-42-3-391-419,lexical,I,I,F,I,
2016-42-3-391-419,relations,I,I,F,I,
2016-42-3-391-419,are,O,O,F,O,
2016-42-3-391-419,explicitly,B,O,T,O,
2016-42-3-391-419,captured,I,O,T,O,
2016-42-3-391-419,by,O,O,F,O,
2016-42-3-391-419,word,B,O,T,B,
2016-42-3-391-419,clustering,I,O,T,I,
2016-42-3-391-419,on,O,O,F,O,
2016-42-3-391-419,large,B,O,T,B,
2016-42-3-391-419,-,I,O,T,I,
2016-42-3-391-419,scale,I,O,T,I,
2016-42-3-391-419,unlabeled,I,B,T,I,
2016-42-3-391-419,data,I,I,F,I,
2016-42-3-391-419,and,O,O,F,O,
2016-42-3-391-419,are,O,O,F,O,
2016-42-3-391-419,used,O,O,F,O,
2016-42-3-391-419,to,O,O,F,O,
2016-42-3-391-419,design,O,O,F,O,
2016-42-3-391-419,new,O,O,F,O,
2016-42-3-391-419,features,B,O,T,O,
2016-42-3-391-419,to,O,O,F,O,
2016-42-3-391-419,enhance,O,O,F,O,
2016-42-3-391-419,a,O,O,F,O,
2016-42-3-391-419,discriminative,B,B,F,B,
2016-42-3-391-419,tagger,I,I,F,I,
2016-42-3-391-419,.,O,O,F,O,
2016-42-3-391-419,Syntagmatic,B,B,F,B,
2016-42-3-391-419,lexical,I,I,F,I,
2016-42-3-391-419,relations,I,I,F,I,
2016-42-3-391-419,are,O,O,F,O,
2016-42-3-391-419,implicitly,B,O,T,O,
2016-42-3-391-419,captured,I,O,T,O,
2016-42-3-391-419,by,O,O,F,O,
2016-42-3-391-419,syntactic,B,B,F,B,
2016-42-3-391-419,parsing,I,I,F,I,
2016-42-3-391-419,in,O,O,F,O,
2016-42-3-391-419,the,O,O,F,O,
2016-42-3-391-419,constituency,B,B,F,B,
2016-42-3-391-419,formalism,I,I,F,I,
2016-42-3-391-419,",",O,O,F,O,
2016-42-3-391-419,and,O,O,F,O,
2016-42-3-391-419,are,O,O,F,O,
2016-42-3-391-419,utilized,O,O,F,O,
2016-42-3-391-419,via,O,O,F,O,
2016-42-3-391-419,system,B,O,T,O,
2016-42-3-391-419,combination,I,O,T,O,
2016-42-3-391-419,.,O,O,F,O,
2016-42-3-391-419,Experiments,O,O,F,O,
2016-42-3-391-419,on,O,O,F,O,
2016-42-3-391-419,the,O,O,F,O,
2016-42-3-391-419,Penn,B,B,F,B,
2016-42-3-391-419,Chinese,I,I,F,I,
2016-42-3-391-419,Treebank,I,I,F,I,
2016-42-3-391-419,demonstrate,O,O,F,O,
2016-42-3-391-419,the,O,O,F,O,
2016-42-3-391-419,importance,O,O,F,O,
2016-42-3-391-419,of,O,O,F,O,
2016-42-3-391-419,both,O,O,F,O,
2016-42-3-391-419,paradigmatic,B,B,F,B,
2016-42-3-391-419,and,I,O,T,I,
2016-42-3-391-419,syntagmatic,I,B,T,I,
2016-42-3-391-419,relations,I,I,F,I,
2016-42-3-391-419,.,O,O,F,O,
2016-42-3-391-419,Our,O,O,F,O,
2016-42-3-391-419,linguistically,B,B,F,B,
2016-42-3-391-419,motivated,I,O,T,O,
2016-42-3-391-419,",",I,O,T,O,
2016-42-3-391-419,hybrid,I,O,T,O,
2016-42-3-391-419,approaches,I,O,T,O,
2016-42-3-391-419,yield,O,O,F,O,
2016-42-3-391-419,a,O,O,F,O,
2016-42-3-391-419,relative,B,O,T,O,
2016-42-3-391-419,error,I,O,T,O,
2016-42-3-391-419,reduction,I,O,T,O,
2016-42-3-391-419,of,O,O,F,O,
2016-42-3-391-419,18,O,O,F,O,
2016-42-3-391-419,%,O,O,F,O,
2016-42-3-391-419,in,O,O,F,O,
2016-42-3-391-419,total,O,O,F,O,
2016-42-3-391-419,over,O,O,F,O,
2016-42-3-391-419,state,B,O,T,O,
2016-42-3-391-419,-,I,O,T,O,
2016-42-3-391-419,of,I,O,T,O,
2016-42-3-391-419,-,I,O,T,O,
2016-42-3-391-419,the,I,O,T,O,
2016-42-3-391-419,-,I,O,T,O,
2016-42-3-391-419,art,I,O,T,O,
2016-42-3-391-419,baselines,B,O,T,O,
2016-42-3-391-419,.,O,O,F,O,
2016-42-3-391-419,Despite,O,O,F,O,
2016-42-3-391-419,the,O,O,F,O,
2016-42-3-391-419,effectiveness,B,O,T,O,
2016-42-3-391-419,to,O,O,F,O,
2016-42-3-391-419,boost,O,O,F,O,
2016-42-3-391-419,accuracy,B,O,T,O,
2016-42-3-391-419,",",O,O,F,O,
2016-42-3-391-419,computationally,B,O,T,B,
2016-42-3-391-419,expensive,I,O,T,I,
2016-42-3-391-419,parsers,I,B,T,I,
2016-42-3-391-419,make,O,O,F,O,
2016-42-3-391-419,hybrid,B,O,T,O,
2016-42-3-391-419,systems,I,O,T,O,
2016-42-3-391-419,inappropriate,B,O,T,O,
2016-42-3-391-419,for,O,O,F,O,
2016-42-3-391-419,many,O,O,F,O,
2016-42-3-391-419,realistic,B,O,T,O,
2016-42-3-391-419,NLP,I,B,T,B,
2016-42-3-391-419,applications,I,O,T,O,
2016-42-3-391-419,.,O,O,F,O,
2016-42-3-391-419,In,O,O,F,O,
2016-42-3-391-419,this,O,O,F,O,
2016-42-3-391-419,article,O,O,F,O,
2016-42-3-391-419,",",O,O,F,O,
2016-42-3-391-419,we,O,O,F,O,
2016-42-3-391-419,are,O,O,F,O,
2016-42-3-391-419,also,O,O,F,O,
2016-42-3-391-419,concerned,O,O,F,O,
2016-42-3-391-419,with,O,O,F,O,
2016-42-3-391-419,improving,O,O,F,O,
2016-42-3-391-419,tagging,B,O,T,B,
2016-42-3-391-419,efficiency,I,O,T,I,
2016-42-3-391-419,at,O,O,F,O,
2016-42-3-391-419,test,B,O,T,B,
2016-42-3-391-419,time,I,O,T,I,
2016-42-3-391-419,.,O,O,F,O,
2016-42-3-391-419,In,O,O,F,O,
2016-42-3-391-419,particular,O,O,F,O,
2016-42-3-391-419,",",O,O,F,O,
2016-42-3-391-419,we,O,O,F,O,
2016-42-3-391-419,explore,O,O,F,O,
2016-42-3-391-419,unlabeled,B,B,F,B,
2016-42-3-391-419,data,I,I,F,I,
2016-42-3-391-419,to,O,O,F,O,
2016-42-3-391-419,transfer,B,O,T,O,
2016-42-3-391-419,the,O,O,F,O,
2016-42-3-391-419,predictive,B,O,T,O,
2016-42-3-391-419,power,I,O,T,O,
2016-42-3-391-419,of,I,O,T,O,
2016-42-3-391-419,hybrid,I,O,T,O,
2016-42-3-391-419,models,I,O,T,O,
2016-42-3-391-419,to,O,O,F,O,
2016-42-3-391-419,simple,B,O,T,B,
2016-42-3-391-419,sequence,I,O,T,I,
2016-42-3-391-419,models,I,O,T,I,
2016-42-3-391-419,.,O,O,F,O,
2016-42-3-391-419,Specifically,O,O,F,O,
2016-42-3-391-419,",",O,O,F,O,
2016-42-3-391-419,hybrid,B,O,T,B,
2016-42-3-391-419,systems,I,O,T,I,
2016-42-3-391-419,are,O,O,F,O,
2016-42-3-391-419,utilized,O,O,F,O,
2016-42-3-391-419,to,O,O,F,O,
2016-42-3-391-419,create,O,O,F,O,
2016-42-3-391-419,large,B,O,T,O,
2016-42-3-391-419,-,I,O,T,O,
2016-42-3-391-419,scale,I,O,T,O,
2016-42-3-391-419,pseudo,I,O,T,O,
2016-42-3-391-419,training,I,O,T,O,
2016-42-3-391-419,data,I,O,T,O,
2016-42-3-391-419,for,O,O,F,O,
2016-42-3-391-419,cheap,B,O,T,O,
2016-42-3-391-419,models,I,O,T,O,
2016-42-3-391-419,.,O,O,F,O,
2016-42-3-391-419,Experimental,O,O,F,O,
2016-42-3-391-419,results,O,O,F,O,
2016-42-3-391-419,illustrate,O,O,F,O,
2016-42-3-391-419,that,O,O,F,O,
2016-42-3-391-419,the,O,O,F,O,
2016-42-3-391-419,re,B,O,T,O,
2016-42-3-391-419,-,I,O,T,O,
2016-42-3-391-419,compiled,I,O,T,O,
2016-42-3-391-419,models,I,O,T,O,
2016-42-3-391-419,not,O,O,F,O,
2016-42-3-391-419,only,O,O,F,O,
2016-42-3-391-419,achieve,O,O,F,O,
2016-42-3-391-419,high,O,O,F,O,
2016-42-3-391-419,accuracy,O,O,F,O,
2016-42-3-391-419,with,O,O,F,O,
2016-42-3-391-419,respect,O,O,F,O,
2016-42-3-391-419,to,O,O,F,O,
2016-42-3-391-419,per,B,O,T,O,
2016-42-3-391-419,token,I,O,T,O,
2016-42-3-391-419,classification,I,O,T,O,
2016-42-3-391-419,",",O,O,F,O,
2016-42-3-391-419,but,O,O,F,O,
2016-42-3-391-419,also,O,O,F,O,
2016-42-3-391-419,serve,O,O,F,O,
2016-42-3-391-419,as,O,O,F,O,
2016-42-3-391-419,a,O,O,F,O,
2016-42-3-391-419,front,B,O,T,B,
2016-42-3-391-419,-,I,O,T,I,
2016-42-3-391-419,end,I,O,T,I,
2016-42-3-391-419,to,O,O,F,O,
2016-42-3-391-419,a,O,O,F,O,
2016-42-3-391-419,parser,B,O,T,O,
2016-42-3-391-419,well,O,O,F,O,
2016-42-3-391-419,.,O,O,F,O,
2016-42-4-637–660,Logical,B,B,F,B,
2016-42-4-637–660,negation,I,I,F,I,
2016-42-4-637–660,is,O,O,F,O,
2016-42-4-637–660,a,O,O,F,O,
2016-42-4-637–660,challenge,O,O,F,O,
2016-42-4-637–660,for,O,O,F,O,
2016-42-4-637–660,distributional,B,B,F,B,
2016-42-4-637–660,semantics,I,I,F,I,
2016-42-4-637–660,",",O,O,F,O,
2016-42-4-637–660,because,O,O,F,O,
2016-42-4-637–660,predicates,B,B,F,B,
2016-42-4-637–660,and,O,O,F,O,
2016-42-4-637–660,their,O,O,F,O,
2016-42-4-637–660,negations,B,B,F,B,
2016-42-4-637–660,tend,O,O,F,O,
2016-42-4-637–660,to,O,O,F,O,
2016-42-4-637–660,occur,O,O,F,O,
2016-42-4-637–660,in,O,O,F,O,
2016-42-4-637–660,very,O,O,F,O,
2016-42-4-637–660,similar,O,O,F,O,
2016-42-4-637–660,contexts,I,O,T,O,
2016-42-4-637–660,",",O,O,F,O,
2016-42-4-637–660,and,O,O,F,O,
2016-42-4-637–660,consequently,O,O,F,O,
2016-42-4-637–660,their,O,O,F,O,
2016-42-4-637–660,distributional,B,B,F,B,
2016-42-4-637–660,vectors,I,I,F,I,
2016-42-4-637–660,are,O,O,F,O,
2016-42-4-637–660,very,O,O,F,O,
2016-42-4-637–660,similar,O,O,F,O,
2016-42-4-637–660,.,O,O,F,O,
2016-42-4-637–660,Indeed,O,O,F,O,
2016-42-4-637–660,",",O,O,F,O,
2016-42-4-637–660,it,O,O,F,O,
2016-42-4-637–660,is,O,O,F,O,
2016-42-4-637–660,not,O,O,F,O,
2016-42-4-637–660,even,O,O,F,O,
2016-42-4-637–660,clear,O,O,F,O,
2016-42-4-637–660,what,O,O,F,O,
2016-42-4-637–660,properties,O,O,F,O,
2016-42-4-637–660,a,O,O,F,O,
2016-42-4-637–660,“,B,O,T,B,
2016-42-4-637–660,negated,I,O,T,I,
2016-42-4-637–660,”,I,O,T,I,
2016-42-4-637–660,distributional,I,B,T,I,
2016-42-4-637–660,vector,I,I,F,I,
2016-42-4-637–660,should,O,O,F,O,
2016-42-4-637–660,possess,O,O,F,O,
2016-42-4-637–660,.,O,O,F,O,
2016-42-4-637–660,However,O,O,F,O,
2016-42-4-637–660,",",O,O,F,O,
2016-42-4-637–660,when,O,O,F,O,
2016-42-4-637–660,linguistic,B,B,F,B,
2016-42-4-637–660,negation,I,I,F,I,
2016-42-4-637–660,is,O,O,F,O,
2016-42-4-637–660,considered,O,O,F,O,
2016-42-4-637–660,in,O,O,F,O,
2016-42-4-637–660,its,O,O,F,O,
2016-42-4-637–660,actual,O,O,F,O,
2016-42-4-637–660,discourse,B,O,T,B,
2016-42-4-637–660,usage,I,O,T,I,
2016-42-4-637–660,",",O,O,F,O,
2016-42-4-637–660,it,O,O,F,O,
2016-42-4-637–660,often,O,O,F,O,
2016-42-4-637–660,performs,O,O,F,O,
2016-42-4-637–660,a,O,O,F,O,
2016-42-4-637–660,role,O,O,F,O,
2016-42-4-637–660,that,O,O,F,O,
2016-42-4-637–660,is,O,O,F,O,
2016-42-4-637–660,quite,O,O,F,O,
2016-42-4-637–660,different,O,O,F,O,
2016-42-4-637–660,from,O,O,F,O,
2016-42-4-637–660,straightforward,B,O,T,O,
2016-42-4-637–660,logical,I,B,T,B,
2016-42-4-637–660,negation,I,I,F,I,
2016-42-4-637–660,.,O,O,F,O,
2016-42-4-637–660,If,O,O,F,O,
2016-42-4-637–660,someone,O,O,F,O,
2016-42-4-637–660,states,O,O,F,O,
2016-42-4-637–660,",",O,O,F,O,
2016-42-4-637–660,in,O,O,F,O,
2016-42-4-637–660,the,O,O,F,O,
2016-42-4-637–660,middle,O,O,F,O,
2016-42-4-637–660,of,O,O,F,O,
2016-42-4-637–660,a,O,O,F,O,
2016-42-4-637–660,conversation,O,O,F,O,
2016-42-4-637–660,",",O,O,F,O,
2016-42-4-637–660,that,O,O,F,O,
2016-42-4-637–660,“,O,O,F,O,
2016-42-4-637–660,This,O,O,F,O,
2016-42-4-637–660,is,O,O,F,O,
2016-42-4-637–660,not,O,O,F,O,
2016-42-4-637–660,a,O,O,F,O,
2016-42-4-637–660,dog,O,O,F,O,
2016-42-4-637–660,",",O,O,F,O,
2016-42-4-637–660,”,O,O,F,O,
2016-42-4-637–660,the,O,O,F,O,
2016-42-4-637–660,negation,B,B,F,B,
2016-42-4-637–660,strongly,O,O,F,O,
2016-42-4-637–660,suggests,O,O,F,O,
2016-42-4-637–660,a,O,O,F,O,
2016-42-4-637–660,restricted,B,O,T,O,
2016-42-4-637–660,set,I,O,T,O,
2016-42-4-637–660,of,I,O,T,O,
2016-42-4-637–660,alternative,I,O,T,O,
2016-42-4-637–660,predicates,I,O,T,O,
2016-42-4-637–660,that,O,O,F,O,
2016-42-4-637–660,might,O,O,F,O,
2016-42-4-637–660,hold,O,O,F,O,
2016-42-4-637–660,true,O,O,F,O,
2016-42-4-637–660,of,O,O,F,O,
2016-42-4-637–660,the,O,O,F,O,
2016-42-4-637–660,object,B,O,T,O,
2016-42-4-637–660,being,O,O,F,O,
2016-42-4-637–660,talked,O,O,F,O,
2016-42-4-637–660,about,O,O,F,O,
2016-42-4-637–660,.,O,O,F,O,
2016-42-4-637–660,In,O,O,F,O,
2016-42-4-637–660,particular,O,O,F,O,
2016-42-4-637–660,",",O,O,F,O,
2016-42-4-637–660,other,O,O,F,O,
2016-42-4-637–660,canids,O,O,F,O,
2016-42-4-637–660,and,O,O,F,O,
2016-42-4-637–660,middle,O,O,F,O,
2016-42-4-637–660,-,O,O,F,O,
2016-42-4-637–660,sized,O,O,F,O,
2016-42-4-637–660,mammals,O,O,F,O,
2016-42-4-637–660,are,O,O,F,O,
2016-42-4-637–660,plausible,O,O,F,O,
2016-42-4-637–660,alternatives,O,O,F,O,
2016-42-4-637–660,",",O,O,F,O,
2016-42-4-637–660,birds,O,O,F,O,
2016-42-4-637–660,are,O,O,F,O,
2016-42-4-637–660,less,O,O,F,O,
2016-42-4-637–660,likely,O,O,F,O,
2016-42-4-637–660,",",O,O,F,O,
2016-42-4-637–660,skyscrapers,O,O,F,O,
2016-42-4-637–660,and,O,O,F,O,
2016-42-4-637–660,other,O,O,F,O,
2016-42-4-637–660,large,O,O,F,O,
2016-42-4-637–660,buildings,O,O,F,O,
2016-42-4-637–660,virtually,O,O,F,O,
2016-42-4-637–660,impossible,O,O,F,O,
2016-42-4-637–660,.,O,O,F,O,
2016-42-4-637–660,Conversational,B,B,F,B,
2016-42-4-637–660,negation,I,I,F,I,
2016-42-4-637–660,acts,O,O,F,O,
2016-42-4-637–660,like,O,O,F,O,
2016-42-4-637–660,a,O,O,F,O,
2016-42-4-637–660,graded,B,O,T,B,
2016-42-4-637–660,similarity,I,O,T,I,
2016-42-4-637–660,function,I,O,T,I,
2016-42-4-637–660,",",O,O,F,O,
2016-42-4-637–660,of,O,O,F,O,
2016-42-4-637–660,the,O,O,F,O,
2016-42-4-637–660,sort,O,O,F,O,
2016-42-4-637–660,that,O,O,F,O,
2016-42-4-637–660,distributional,B,B,F,B,
2016-42-4-637–660,semantics,I,I,F,I,
2016-42-4-637–660,might,O,O,F,O,
2016-42-4-637–660,be,O,O,F,O,
2016-42-4-637–660,good,O,O,F,O,
2016-42-4-637–660,at,O,O,F,O,
2016-42-4-637–660,capturing,O,O,F,O,
2016-42-4-637–660,.,O,O,F,O,
2016-42-4-637–660,In,O,O,F,O,
2016-42-4-637–660,this,O,O,F,O,
2016-42-4-637–660,article,O,O,F,O,
2016-42-4-637–660,",",O,O,F,O,
2016-42-4-637–660,we,O,O,F,O,
2016-42-4-637–660,introduce,O,O,F,O,
2016-42-4-637–660,a,O,O,F,O,
2016-42-4-637–660,large,O,O,F,O,
2016-42-4-637–660,data,O,O,F,O,
2016-42-4-637–660,set,O,O,F,O,
2016-42-4-637–660,of,O,O,F,O,
2016-42-4-637–660,alternative,O,O,F,O,
2016-42-4-637–660,plausibility,B,O,T,B,
2016-42-4-637–660,ratings,I,O,T,I,
2016-42-4-637–660,for,O,O,F,O,
2016-42-4-637–660,conversationally,B,B,F,B,
2016-42-4-637–660,negated,I,I,F,I,
2016-42-4-637–660,nominal,I,I,F,I,
2016-42-4-637–660,predicates,I,I,F,I,
2016-42-4-637–660,",",O,O,F,O,
2016-42-4-637–660,and,O,O,F,O,
2016-42-4-637–660,we,O,O,F,O,
2016-42-4-637–660,show,O,O,F,O,
2016-42-4-637–660,that,O,O,F,O,
2016-42-4-637–660,simple,O,O,F,O,
2016-42-4-637–660,similarity,B,O,T,O,
2016-42-4-637–660,in,I,O,T,O,
2016-42-4-637–660,distributional,I,B,T,B,
2016-42-4-637–660,semantic,I,I,F,I,
2016-42-4-637–660,space,I,O,T,I,
2016-42-4-637–660,provides,O,O,F,O,
2016-42-4-637–660,an,O,O,F,O,
2016-42-4-637–660,excellent,O,O,F,O,
2016-42-4-637–660,fit,B,O,T,O,
2016-42-4-637–660,to,O,O,F,O,
2016-42-4-637–660,subject,B,O,T,B,
2016-42-4-637–660,data,I,O,T,I,
2016-42-4-637–660,.,O,O,F,O,
2016-42-4-637–660,On,O,O,F,O,
2016-42-4-637–660,the,O,O,F,O,
2016-42-4-637–660,one,O,O,F,O,
2016-42-4-637–660,hand,O,O,F,O,
2016-42-4-637–660,",",O,O,F,O,
2016-42-4-637–660,this,O,O,F,O,
2016-42-4-637–660,fills,O,O,F,O,
2016-42-4-637–660,a,O,O,F,O,
2016-42-4-637–660,gap,O,O,F,O,
2016-42-4-637–660,in,O,O,F,O,
2016-42-4-637–660,the,O,O,F,O,
2016-42-4-637–660,literature,O,O,F,O,
2016-42-4-637–660,on,O,O,F,O,
2016-42-4-637–660,conversational,B,B,F,B,
2016-42-4-637–660,negation,I,I,F,I,
2016-42-4-637–660,",",O,O,F,O,
2016-42-4-637–660,proposing,O,O,F,O,
2016-42-4-637–660,distributional,B,B,F,B,
2016-42-4-637–660,semantics,I,I,F,I,
2016-42-4-637–660,as,O,O,F,O,
2016-42-4-637–660,the,O,O,F,O,
2016-42-4-637–660,right,O,O,F,O,
2016-42-4-637–660,tool,O,O,F,O,
2016-42-4-637–660,to,O,O,F,O,
2016-42-4-637–660,make,O,O,F,O,
2016-42-4-637–660,explicit,B,O,T,B,
2016-42-4-637–660,predictions,I,O,T,I,
2016-42-4-637–660,about,O,O,F,O,
2016-42-4-637–660,potential,O,O,F,O,
2016-42-4-637–660,alternatives,O,O,F,O,
2016-42-4-637–660,of,O,O,F,O,
2016-42-4-637–660,negated,B,B,F,B,
2016-42-4-637–660,predicates,I,I,F,I,
2016-42-4-637–660,.,O,O,F,O,
2016-42-4-637–660,On,O,O,F,O,
2016-42-4-637–660,the,O,O,F,O,
2016-42-4-637–660,other,O,O,F,O,
2016-42-4-637–660,hand,O,O,F,O,
2016-42-4-637–660,",",O,O,F,O,
2016-42-4-637–660,the,O,O,F,O,
2016-42-4-637–660,results,O,O,F,O,
2016-42-4-637–660,suggest,O,O,F,O,
2016-42-4-637–660,that,O,O,F,O,
2016-42-4-637–660,negation,B,B,F,B,
2016-42-4-637–660,",",O,O,F,O,
2016-42-4-637–660,when,O,O,F,O,
2016-42-4-637–660,addressed,O,O,F,O,
2016-42-4-637–660,from,O,O,F,O,
2016-42-4-637–660,a,O,O,F,O,
2016-42-4-637–660,broader,O,O,F,O,
2016-42-4-637–660,pragmatic,B,O,T,O,
2016-42-4-637–660,perspective,I,O,T,O,
2016-42-4-637–660,",",O,O,F,O,
2016-42-4-637–660,far,O,O,F,O,
2016-42-4-637–660,from,O,O,F,O,
2016-42-4-637–660,being,O,O,F,O,
2016-42-4-637–660,a,O,O,F,O,
2016-42-4-637–660,nuisance,O,O,F,O,
2016-42-4-637–660,",",O,O,F,O,
2016-42-4-637–660,is,O,O,F,O,
2016-42-4-637–660,an,O,O,F,O,
2016-42-4-637–660,ideal,O,O,F,O,
2016-42-4-637–660,application,B,O,T,O,
2016-42-4-637–660,domain,I,O,T,O,
2016-42-4-637–660,for,O,O,F,O,
2016-42-4-637–660,distributional,B,B,F,B,
2016-42-4-637–660,semantic,I,I,F,I,
2016-42-4-637–660,methods,I,O,T,I,
2016-42-4-637–660,.,O,O,F,O,
2016-42-2-307-343,Microblogs,B,B,F,B,
2016-42-2-307-343,such,O,O,F,O,
2016-42-2-307-343,as,O,O,F,O,
2016-42-2-307-343,Twitter,O,O,F,O,
2016-42-2-307-343,",",O,O,F,O,
2016-42-2-307-343,Facebook,O,O,F,O,
2016-42-2-307-343,",",O,O,F,O,
2016-42-2-307-343,and,O,O,F,O,
2016-42-2-307-343,Sina,O,O,F,O,
2016-42-2-307-343,Weibo,O,O,F,O,
2016-42-2-307-343,(,O,O,F,O,
2016-42-2-307-343,China,O,O,F,O,
2016-42-2-307-343,'s,O,O,F,O,
2016-42-2-307-343,equivalent,O,O,F,O,
2016-42-2-307-343,of,O,O,F,O,
2016-42-2-307-343,Twitter,O,O,F,O,
2016-42-2-307-343,),O,O,F,O,
2016-42-2-307-343,are,O,O,F,O,
2016-42-2-307-343,a,O,O,F,O,
2016-42-2-307-343,remarkable,O,O,F,O,
2016-42-2-307-343,linguistic,B,B,F,B,
2016-42-2-307-343,resource,I,O,T,O,
2016-42-2-307-343,.,O,O,F,O,
2016-42-2-307-343,In,O,O,F,O,
2016-42-2-307-343,contrast,O,O,F,O,
2016-42-2-307-343,to,O,O,F,O,
2016-42-2-307-343,content,O,O,F,O,
2016-42-2-307-343,from,O,O,F,O,
2016-42-2-307-343,edited,O,O,F,O,
2016-42-2-307-343,genres,O,O,F,O,
2016-42-2-307-343,such,O,O,F,O,
2016-42-2-307-343,as,O,O,F,O,
2016-42-2-307-343,newswire,B,O,T,B,
2016-42-2-307-343,",",O,O,F,O,
2016-42-2-307-343,microblogs,B,B,F,B,
2016-42-2-307-343,contain,O,O,F,O,
2016-42-2-307-343,discussions,O,O,F,O,
2016-42-2-307-343,of,O,O,F,O,
2016-42-2-307-343,virtually,O,O,F,O,
2016-42-2-307-343,every,O,O,F,O,
2016-42-2-307-343,topic,O,O,F,O,
2016-42-2-307-343,by,O,O,F,O,
2016-42-2-307-343,numerous,O,O,F,O,
2016-42-2-307-343,individuals,O,O,F,O,
2016-42-2-307-343,in,O,O,F,O,
2016-42-2-307-343,different,O,O,F,O,
2016-42-2-307-343,languages,O,O,F,O,
2016-42-2-307-343,and,O,O,F,O,
2016-42-2-307-343,dialects,B,B,F,B,
2016-42-2-307-343,and,O,O,F,O,
2016-42-2-307-343,in,O,O,F,O,
2016-42-2-307-343,different,O,O,F,O,
2016-42-2-307-343,styles,O,O,F,O,
2016-42-2-307-343,.,O,O,F,O,
2016-42-2-307-343,In,O,O,F,O,
2016-42-2-307-343,this,O,O,F,O,
2016-42-2-307-343,work,O,O,F,O,
2016-42-2-307-343,",",O,O,F,O,
2016-42-2-307-343,we,O,O,F,O,
2016-42-2-307-343,show,O,O,F,O,
2016-42-2-307-343,that,O,O,F,O,
2016-42-2-307-343,some,O,O,F,O,
2016-42-2-307-343,microblog,B,B,F,B,
2016-42-2-307-343,users,O,O,F,O,
2016-42-2-307-343,post,O,O,F,O,
2016-42-2-307-343,“,B,O,T,B,
2016-42-2-307-343,self,I,O,T,I,
2016-42-2-307-343,-,I,O,T,I,
2016-42-2-307-343,translated,I,O,T,I,
2016-42-2-307-343,”,I,O,T,I,
2016-42-2-307-343,messages,O,O,F,O,
2016-42-2-307-343,targeting,O,O,F,O,
2016-42-2-307-343,audiences,O,O,F,O,
2016-42-2-307-343,who,O,O,F,O,
2016-42-2-307-343,speak,O,O,F,O,
2016-42-2-307-343,different,O,O,F,O,
2016-42-2-307-343,languages,O,O,F,O,
2016-42-2-307-343,",",O,O,F,O,
2016-42-2-307-343,either,O,O,F,O,
2016-42-2-307-343,by,O,O,F,O,
2016-42-2-307-343,writing,O,O,F,O,
2016-42-2-307-343,the,O,O,F,O,
2016-42-2-307-343,same,O,O,F,O,
2016-42-2-307-343,message,O,O,F,O,
2016-42-2-307-343,in,O,O,F,O,
2016-42-2-307-343,multiple,O,O,F,O,
2016-42-2-307-343,languages,O,O,F,O,
2016-42-2-307-343,or,O,O,F,O,
2016-42-2-307-343,by,O,O,F,O,
2016-42-2-307-343,retweeting,B,O,T,O,
2016-42-2-307-343,translations,O,B,T,O,
2016-42-2-307-343,of,O,O,F,O,
2016-42-2-307-343,their,O,O,F,O,
2016-42-2-307-343,original,O,O,F,O,
2016-42-2-307-343,posts,O,O,F,O,
2016-42-2-307-343,in,O,O,F,O,
2016-42-2-307-343,a,O,O,F,O,
2016-42-2-307-343,second,O,O,F,O,
2016-42-2-307-343,language,O,O,F,O,
2016-42-2-307-343,.,O,O,F,O,
2016-42-2-307-343,We,O,O,F,O,
2016-42-2-307-343,introduce,O,O,F,O,
2016-42-2-307-343,a,O,O,F,O,
2016-42-2-307-343,method,O,O,F,O,
2016-42-2-307-343,for,O,O,F,O,
2016-42-2-307-343,finding,O,O,F,O,
2016-42-2-307-343,and,O,O,F,O,
2016-42-2-307-343,extracting,B,O,T,O,
2016-42-2-307-343,this,O,O,F,O,
2016-42-2-307-343,naturally,B,O,T,B,
2016-42-2-307-343,occurring,I,O,T,I,
2016-42-2-307-343,parallel,I,B,T,I,
2016-42-2-307-343,data,I,I,F,I,
2016-42-2-307-343,.,O,O,F,O,
2016-42-2-307-343,Identifying,O,O,F,O,
2016-42-2-307-343,the,O,O,F,O,
2016-42-2-307-343,parallel,B,O,T,O,
2016-42-2-307-343,content,I,O,T,O,
2016-42-2-307-343,requires,O,O,F,O,
2016-42-2-307-343,solving,O,O,F,O,
2016-42-2-307-343,an,O,O,F,O,
2016-42-2-307-343,alignment,B,O,T,B,
2016-42-2-307-343,problem,I,O,T,I,
2016-42-2-307-343,",",O,O,F,O,
2016-42-2-307-343,and,O,O,F,O,
2016-42-2-307-343,we,O,O,F,O,
2016-42-2-307-343,give,O,O,F,O,
2016-42-2-307-343,an,O,O,F,O,
2016-42-2-307-343,optimally,B,O,T,O,
2016-42-2-307-343,efficient,I,O,T,O,
2016-42-2-307-343,dynamic,I,B,T,B,
2016-42-2-307-343,programming,I,I,F,I,
2016-42-2-307-343,algorithm,I,I,F,I,
2016-42-2-307-343,for,O,O,F,O,
2016-42-2-307-343,this,O,O,F,O,
2016-42-2-307-343,.,O,O,F,O,
2016-42-2-307-343,Using,O,O,F,O,
2016-42-2-307-343,our,O,O,F,O,
2016-42-2-307-343,method,O,O,F,O,
2016-42-2-307-343,",",O,O,F,O,
2016-42-2-307-343,we,O,O,F,O,
2016-42-2-307-343,extract,B,O,T,O,
2016-42-2-307-343,nearly,O,O,F,O,
2016-42-2-307-343,3,O,O,F,O,
2016-42-2-307-343,M,O,O,F,O,
2016-42-2-307-343,Chinese,O,O,F,O,
2016-42-2-307-343,–,O,O,F,O,
2016-42-2-307-343,English,O,O,F,O,
2016-42-2-307-343,parallel,B,O,T,B,
2016-42-2-307-343,segments,I,O,T,I,
2016-42-2-307-343,from,O,O,F,O,
2016-42-2-307-343,Sina,O,O,F,O,
2016-42-2-307-343,Weibo,O,O,F,O,
2016-42-2-307-343,using,O,O,F,O,
2016-42-2-307-343,a,O,O,F,O,
2016-42-2-307-343,targeted,B,O,T,O,
2016-42-2-307-343,crawl,I,O,T,O,
2016-42-2-307-343,of,O,O,F,O,
2016-42-2-307-343,Weibo,O,O,F,O,
2016-42-2-307-343,users,O,O,F,O,
2016-42-2-307-343,who,O,O,F,O,
2016-42-2-307-343,post,O,O,F,O,
2016-42-2-307-343,in,O,O,F,O,
2016-42-2-307-343,multiple,O,O,F,O,
2016-42-2-307-343,languages,O,O,F,O,
2016-42-2-307-343,.,O,O,F,O,
2016-42-2-307-343,Additionally,O,O,F,O,
2016-42-2-307-343,",",O,O,F,O,
2016-42-2-307-343,from,O,O,F,O,
2016-42-2-307-343,a,O,O,F,O,
2016-42-2-307-343,random,B,O,T,O,
2016-42-2-307-343,sample,I,O,T,O,
2016-42-2-307-343,of,O,O,F,O,
2016-42-2-307-343,Twitter,O,O,F,O,
2016-42-2-307-343,",",O,O,F,O,
2016-42-2-307-343,we,O,O,F,O,
2016-42-2-307-343,obtain,O,O,F,O,
2016-42-2-307-343,substantial,O,O,F,O,
2016-42-2-307-343,amounts,O,O,F,O,
2016-42-2-307-343,of,O,O,F,O,
2016-42-2-307-343,parallel,B,B,F,B,
2016-42-2-307-343,data,I,I,F,I,
2016-42-2-307-343,in,O,O,F,O,
2016-42-2-307-343,multiple,O,O,F,O,
2016-42-2-307-343,language,B,O,T,B,
2016-42-2-307-343,pairs,I,O,T,I,
2016-42-2-307-343,.,O,O,F,O,
2016-42-2-307-343,Evaluation,O,O,F,O,
2016-42-2-307-343,is,O,O,F,O,
2016-42-2-307-343,performed,O,O,F,O,
2016-42-2-307-343,by,O,O,F,O,
2016-42-2-307-343,assessing,O,O,F,O,
2016-42-2-307-343,the,O,O,F,O,
2016-42-2-307-343,accuracy,O,O,F,O,
2016-42-2-307-343,of,O,O,F,O,
2016-42-2-307-343,our,O,O,F,O,
2016-42-2-307-343,extraction,B,O,T,O,
2016-42-2-307-343,approach,I,O,T,O,
2016-42-2-307-343,relative,O,O,F,O,
2016-42-2-307-343,to,O,O,F,O,
2016-42-2-307-343,a,O,O,F,O,
2016-42-2-307-343,manual,B,B,F,B,
2016-42-2-307-343,annotation,I,I,F,I,
2016-42-2-307-343,as,O,O,F,O,
2016-42-2-307-343,well,O,O,F,O,
2016-42-2-307-343,as,O,O,F,O,
2016-42-2-307-343,in,O,O,F,O,
2016-42-2-307-343,terms,O,O,F,O,
2016-42-2-307-343,of,O,O,F,O,
2016-42-2-307-343,utility,B,O,T,O,
2016-42-2-307-343,as,O,O,F,O,
2016-42-2-307-343,training,B,O,T,B,
2016-42-2-307-343,data,I,O,T,I,
2016-42-2-307-343,for,O,O,F,O,
2016-42-2-307-343,a,O,O,F,O,
2016-42-2-307-343,Chinese,O,O,F,O,
2016-42-2-307-343,–,O,O,F,O,
2016-42-2-307-343,English,O,O,F,O,
2016-42-2-307-343,machine,B,B,F,B,
2016-42-2-307-343,translation,I,I,F,I,
2016-42-2-307-343,system,I,O,T,I,
2016-42-2-307-343,.,O,O,F,O,
2016-42-2-307-343,Relative,O,O,F,O,
2016-42-2-307-343,to,O,O,F,O,
2016-42-2-307-343,traditional,O,O,F,O,
2016-42-2-307-343,parallel,B,B,F,B,
2016-42-2-307-343,data,I,I,F,I,
2016-42-2-307-343,resources,I,O,T,I,
2016-42-2-307-343,",",O,O,F,O,
2016-42-2-307-343,the,O,O,F,O,
2016-42-2-307-343,automatically,O,O,F,O,
2016-42-2-307-343,extracted,B,O,T,O,
2016-42-2-307-343,parallel,B,B,F,B,
2016-42-2-307-343,data,I,I,F,I,
2016-42-2-307-343,yield,O,O,F,O,
2016-42-2-307-343,substantial,O,O,F,O,
2016-42-2-307-343,translation,B,B,F,B,
2016-42-2-307-343,quality,I,O,T,O,
2016-42-2-307-343,improvements,O,O,F,O,
2016-42-2-307-343,in,O,O,F,O,
2016-42-2-307-343,translating,O,O,F,O,
2016-42-2-307-343,microblog,B,B,F,B,
2016-42-2-307-343,text,O,O,F,O,
2016-42-2-307-343,and,O,O,F,O,
2016-42-2-307-343,modest,O,O,F,O,
2016-42-2-307-343,improvements,O,O,F,O,
2016-42-2-307-343,in,O,O,F,O,
2016-42-2-307-343,translating,O,B,T,O,
2016-42-2-307-343,edited,O,O,F,O,
2016-42-2-307-343,news,O,O,F,O,
2016-42-2-307-343,content,O,O,F,O,
2016-42-2-307-343,.,O,O,F,O,
2016-42-4-661–701,This,O,O,F,O,
2016-42-4-661–701,article,O,O,F,O,
2016-42-4-661–701,introduces,O,O,F,O,
2016-42-4-661–701,RELPRON,B,B,F,B,
2016-42-4-661–701,",",O,O,F,O,
2016-42-4-661–701,a,O,O,F,O,
2016-42-4-661–701,large,B,O,T,O,
2016-42-4-661–701,data,I,O,T,O,
2016-42-4-661–701,set,I,O,T,O,
2016-42-4-661–701,of,O,O,F,O,
2016-42-4-661–701,subject,B,O,T,B,
2016-42-4-661–701,and,I,O,T,I,
2016-42-4-661–701,object,I,B,T,I,
2016-42-4-661–701,relative,I,I,F,I,
2016-42-4-661–701,clauses,I,I,F,I,
2016-42-4-661–701,",",O,O,F,O,
2016-42-4-661–701,for,O,O,F,O,
2016-42-4-661–701,the,O,O,F,O,
2016-42-4-661–701,evaluation,B,O,T,O,
2016-42-4-661–701,of,O,O,F,O,
2016-42-4-661–701,methods,O,O,F,O,
2016-42-4-661–701,in,O,O,F,O,
2016-42-4-661–701,compositional,B,O,T,B,
2016-42-4-661–701,distributional,I,B,T,I,
2016-42-4-661–701,semantics,I,I,F,I,
2016-42-4-661–701,.,O,O,F,O,
2016-42-4-661–701,RELPRON,B,B,F,B,
2016-42-4-661–701,targets,O,O,F,O,
2016-42-4-661–701,an,O,O,F,O,
2016-42-4-661–701,intermediate,B,O,T,O,
2016-42-4-661–701,level,I,O,T,O,
2016-42-4-661–701,of,I,O,T,O,
2016-42-4-661–701,grammatical,I,B,T,B,
2016-42-4-661–701,complexity,I,I,F,I,
2016-42-4-661–701,between,O,O,F,O,
2016-42-4-661–701,content,B,O,T,B,
2016-42-4-661–701,-,I,O,T,I,
2016-42-4-661–701,word,I,O,T,I,
2016-42-4-661–701,pairs,I,O,T,I,
2016-42-4-661–701,and,O,O,F,O,
2016-42-4-661–701,full,B,O,T,B,
2016-42-4-661–701,sentences,I,O,T,I,
2016-42-4-661–701,.,O,O,F,O,
2016-42-4-661–701,The,O,O,F,O,
2016-42-4-661–701,task,O,O,F,O,
2016-42-4-661–701,involves,O,O,F,O,
2016-42-4-661–701,matching,O,O,F,O,
2016-42-4-661–701,terms,B,O,T,O,
2016-42-4-661–701,",",O,O,F,O,
2016-42-4-661–701,such,O,O,F,O,
2016-42-4-661–701,as,O,O,F,O,
2016-42-4-661–701,“,O,O,F,O,
2016-42-4-661–701,wisdom,O,O,F,O,
2016-42-4-661–701,",",O,O,F,O,
2016-42-4-661–701,”,O,O,F,O,
2016-42-4-661–701,with,O,O,F,O,
2016-42-4-661–701,representative,B,O,T,B,
2016-42-4-661–701,properties,I,O,T,I,
2016-42-4-661–701,",",O,O,F,O,
2016-42-4-661–701,such,O,O,F,O,
2016-42-4-661–701,as,O,O,F,O,
2016-42-4-661–701,“,O,O,F,O,
2016-42-4-661–701,quality,O,O,F,O,
2016-42-4-661–701,that,O,O,F,O,
2016-42-4-661–701,experience,O,O,F,O,
2016-42-4-661–701,teaches,O,O,F,O,
2016-42-4-661–701,.,O,O,F,O,
2016-42-4-661–701,”,O,O,F,O,
2016-42-4-661–701,A,O,O,F,O,
2016-42-4-661–701,unique,O,O,F,O,
2016-42-4-661–701,feature,O,O,F,O,
2016-42-4-661–701,of,O,O,F,O,
2016-42-4-661–701,RELPRON,B,B,F,B,
2016-42-4-661–701,is,O,O,F,O,
2016-42-4-661–701,that,O,O,F,O,
2016-42-4-661–701,it,O,O,F,O,
2016-42-4-661–701,is,O,O,F,O,
2016-42-4-661–701,built,O,O,F,O,
2016-42-4-661–701,from,O,O,F,O,
2016-42-4-661–701,attested,B,O,T,B,
2016-42-4-661–701,properties,I,O,T,I,
2016-42-4-661–701,",",O,O,F,O,
2016-42-4-661–701,but,O,O,F,O,
2016-42-4-661–701,without,O,O,F,O,
2016-42-4-661–701,the,O,O,F,O,
2016-42-4-661–701,need,O,O,F,O,
2016-42-4-661–701,for,O,O,F,O,
2016-42-4-661–701,them,O,O,F,O,
2016-42-4-661–701,to,O,O,F,O,
2016-42-4-661–701,appear,O,O,F,O,
2016-42-4-661–701,in,O,O,F,O,
2016-42-4-661–701,relative,B,O,T,B,
2016-42-4-661–701,clause,I,B,T,I,
2016-42-4-661–701,format,I,I,F,I,
2016-42-4-661–701,in,O,O,F,O,
2016-42-4-661–701,the,O,O,F,O,
2016-42-4-661–701,source,B,O,T,B,
2016-42-4-661–701,corpus,I,O,T,I,
2016-42-4-661–701,.,O,O,F,O,
2016-42-4-661–701,The,O,O,F,O,
2016-42-4-661–701,article,O,O,F,O,
2016-42-4-661–701,also,O,O,F,O,
2016-42-4-661–701,presents,O,O,F,O,
2016-42-4-661–701,some,O,O,F,O,
2016-42-4-661–701,initial,O,O,F,O,
2016-42-4-661–701,experiments,O,O,F,O,
2016-42-4-661–701,on,O,O,F,O,
2016-42-4-661–701,RELPRON,B,B,F,B,
2016-42-4-661–701,",",O,O,F,O,
2016-42-4-661–701,using,O,O,F,O,
2016-42-4-661–701,a,O,O,F,O,
2016-42-4-661–701,variety,O,O,F,O,
2016-42-4-661–701,of,O,O,F,O,
2016-42-4-661–701,composition,B,O,T,B,
2016-42-4-661–701,methods,I,O,T,I,
2016-42-4-661–701,including,O,O,F,O,
2016-42-4-661–701,simple,B,O,T,B,
2016-42-4-661–701,baselines,I,O,T,I,
2016-42-4-661–701,",",O,O,F,O,
2016-42-4-661–701,arithmetic,B,O,T,B,
2016-42-4-661–701,operators,I,O,T,I,
2016-42-4-661–701,on,I,O,T,O,
2016-42-4-661–701,vectors,I,O,T,O,
2016-42-4-661–701,",",O,O,F,O,
2016-42-4-661–701,and,O,O,F,O,
2016-42-4-661–701,finally,O,O,F,O,
2016-42-4-661–701,",",O,O,F,O,
2016-42-4-661–701,more,O,O,F,O,
2016-42-4-661–701,complex,O,O,F,O,
2016-42-4-661–701,methods,O,O,F,O,
2016-42-4-661–701,in,O,O,F,O,
2016-42-4-661–701,which,O,O,F,O,
2016-42-4-661–701,argument,B,O,T,O,
2016-42-4-661–701,-,I,O,T,O,
2016-42-4-661–701,taking,I,O,T,O,
2016-42-4-661–701,words,I,O,T,O,
2016-42-4-661–701,are,O,O,F,O,
2016-42-4-661–701,represented,B,O,T,O,
2016-42-4-661–701,as,O,O,F,O,
2016-42-4-661–701,tensors,B,O,T,B,
2016-42-4-661–701,.,O,O,F,O,
2016-42-4-661–701,The,O,O,F,O,
2016-42-4-661–701,latter,O,O,F,O,
2016-42-4-661–701,methods,O,O,F,O,
2016-42-4-661–701,are,O,O,F,O,
2016-42-4-661–701,based,O,O,F,O,
2016-42-4-661–701,on,O,O,F,O,
2016-42-4-661–701,the,O,O,F,O,
2016-42-4-661–701,Categorial,B,B,F,B,
2016-42-4-661–701,framework,I,I,F,I,
2016-42-4-661–701,",",O,O,F,O,
2016-42-4-661–701,which,O,O,F,O,
2016-42-4-661–701,is,O,O,F,O,
2016-42-4-661–701,described,O,O,F,O,
2016-42-4-661–701,in,O,O,F,O,
2016-42-4-661–701,detail,O,O,F,O,
2016-42-4-661–701,.,O,O,F,O,
2016-42-4-661–701,The,O,O,F,O,
2016-42-4-661–701,results,O,O,F,O,
2016-42-4-661–701,show,O,O,F,O,
2016-42-4-661–701,that,O,O,F,O,
2016-42-4-661–701,vector,B,O,T,B,
2016-42-4-661–701,addition,I,O,T,I,
2016-42-4-661–701,is,O,O,F,O,
2016-42-4-661–701,difficult,O,O,F,O,
2016-42-4-661–701,to,O,O,F,O,
2016-42-4-661–701,beat,O,O,F,O,
2016-42-4-661–701,—,O,O,F,O,
2016-42-4-661–701,in,O,O,F,O,
2016-42-4-661–701,line,O,O,F,O,
2016-42-4-661–701,with,O,O,F,O,
2016-42-4-661–701,the,O,O,F,O,
2016-42-4-661–701,existing,O,O,F,O,
2016-42-4-661–701,literature,O,O,F,O,
2016-42-4-661–701,—,O,O,F,O,
2016-42-4-661–701,but,O,O,F,O,
2016-42-4-661–701,that,O,O,F,O,
2016-42-4-661–701,an,O,O,F,O,
2016-42-4-661–701,implementation,O,O,F,O,
2016-42-4-661–701,of,O,O,F,O,
2016-42-4-661–701,the,O,O,F,O,
2016-42-4-661–701,Categorial,B,B,F,B,
2016-42-4-661–701,framework,I,I,F,I,
2016-42-4-661–701,based,O,O,F,O,
2016-42-4-661–701,on,O,O,F,O,
2016-42-4-661–701,the,O,O,F,O,
2016-42-4-661–701,Practical,B,B,F,B,
2016-42-4-661–701,Lexical,I,I,F,I,
2016-42-4-661–701,Function,I,I,F,I,
2016-42-4-661–701,model,I,O,T,I,
2016-42-4-661–701,is,O,O,F,O,
2016-42-4-661–701,able,O,O,F,O,
2016-42-4-661–701,to,O,O,F,O,
2016-42-4-661–701,match,O,O,F,O,
2016-42-4-661–701,the,O,O,F,O,
2016-42-4-661–701,performance,O,O,F,O,
2016-42-4-661–701,of,O,O,F,O,
2016-42-4-661–701,vector,B,O,T,B,
2016-42-4-661–701,addition,I,O,T,I,
2016-42-4-661–701,.,O,O,F,O,
2016-42-4-661–701,The,O,O,F,O,
2016-42-4-661–701,article,O,O,F,O,
2016-42-4-661–701,finishes,O,O,F,O,
2016-42-4-661–701,with,O,O,F,O,
2016-42-4-661–701,an,O,O,F,O,
2016-42-4-661–701,in,O,O,F,O,
2016-42-4-661–701,-,O,O,F,O,
2016-42-4-661–701,depth,O,O,F,O,
2016-42-4-661–701,analysis,O,O,F,O,
2016-42-4-661–701,of,O,O,F,O,
2016-42-4-661–701,RELPRON,B,B,F,B,
2016-42-4-661–701,",",O,O,F,O,
2016-42-4-661–701,showing,O,O,F,O,
2016-42-4-661–701,how,O,O,F,O,
2016-42-4-661–701,results,O,O,F,O,
2016-42-4-661–701,vary,O,O,F,O,
2016-42-4-661–701,across,O,O,F,O,
2016-42-4-661–701,subject,B,O,T,B,
2016-42-4-661–701,and,I,O,T,I,
2016-42-4-661–701,object,I,B,T,I,
2016-42-4-661–701,relative,I,I,F,I,
2016-42-4-661–701,clauses,I,I,F,I,
2016-42-4-661–701,",",O,O,F,O,
2016-42-4-661–701,across,O,O,F,O,
2016-42-4-661–701,different,O,O,F,O,
2016-42-4-661–701,head,B,O,T,B,
2016-42-4-661–701,nouns,I,O,T,I,
2016-42-4-661–701,",",O,O,F,O,
2016-42-4-661–701,and,O,O,F,O,
2016-42-4-661–701,how,O,O,F,O,
2016-42-4-661–701,the,O,O,F,O,
2016-42-4-661–701,methods,O,O,F,O,
2016-42-4-661–701,perform,O,O,F,O,
2016-42-4-661–701,on,O,O,F,O,
2016-42-4-661–701,the,O,O,F,O,
2016-42-4-661–701,subtasks,B,O,T,O,
2016-42-4-661–701,necessary,O,O,F,O,
2016-42-4-661–701,for,O,O,F,O,
2016-42-4-661–701,capturing,O,O,F,O,
2016-42-4-661–701,relative,B,O,T,B,
2016-42-4-661–701,clause,I,O,T,I,
2016-42-4-661–701,semantics,I,B,T,I,
2016-42-4-661–701,",",O,O,F,O,
2016-42-4-661–701,as,O,O,F,O,
2016-42-4-661–701,well,O,O,F,O,
2016-42-4-661–701,as,O,O,F,O,
2016-42-4-661–701,providing,O,O,F,O,
2016-42-4-661–701,a,O,O,F,O,
2016-42-4-661–701,qualitative,B,O,T,B,
2016-42-4-661–701,analysis,I,O,T,I,
2016-42-4-661–701,highlighting,O,O,F,O,
2016-42-4-661–701,some,O,O,F,O,
2016-42-4-661–701,of,O,O,F,O,
2016-42-4-661–701,the,O,O,F,O,
2016-42-4-661–701,more,O,O,F,O,
2016-42-4-661–701,common,O,O,F,O,
2016-42-4-661–701,errors,B,O,T,O,
2016-42-4-661–701,.,O,O,F,O,
2016-42-4-661–701,Our,O,O,F,O,
2016-42-4-661–701,hope,O,O,F,O,
2016-42-4-661–701,is,O,O,F,O,
2016-42-4-661–701,that,O,O,F,O,
2016-42-4-661–701,the,O,O,F,O,
2016-42-4-661–701,competitive,O,O,F,O,
2016-42-4-661–701,results,O,O,F,O,
2016-42-4-661–701,presented,O,O,F,O,
2016-42-4-661–701,here,O,O,F,O,
2016-42-4-661–701,",",O,O,F,O,
2016-42-4-661–701,in,O,O,F,O,
2016-42-4-661–701,which,O,O,F,O,
2016-42-4-661–701,the,O,O,F,O,
2016-42-4-661–701,best,O,O,F,O,
2016-42-4-661–701,systems,B,O,T,O,
2016-42-4-661–701,are,O,O,F,O,
2016-42-4-661–701,on,O,O,F,O,
2016-42-4-661–701,average,O,O,F,O,
2016-42-4-661–701,ranking,O,O,F,O,
2016-42-4-661–701,one,O,O,F,O,
2016-42-4-661–701,out,O,O,F,O,
2016-42-4-661–701,of,O,O,F,O,
2016-42-4-661–701,every,O,O,F,O,
2016-42-4-661–701,two,O,O,F,O,
2016-42-4-661–701,properties,B,O,T,O,
2016-42-4-661–701,correctly,O,O,F,O,
2016-42-4-661–701,for,O,O,F,O,
2016-42-4-661–701,a,O,O,F,O,
2016-42-4-661–701,given,O,O,F,O,
2016-42-4-661–701,term,B,O,T,O,
2016-42-4-661–701,",",O,O,F,O,
2016-42-4-661–701,will,O,O,F,O,
2016-42-4-661–701,inspire,O,O,F,O,
2016-42-4-661–701,new,O,O,F,O,
2016-42-4-661–701,approaches,O,O,F,O,
2016-42-4-661–701,to,O,O,F,O,
2016-42-4-661–701,the,O,O,F,O,
2016-42-4-661–701,RELPRON,B,B,F,B,
2016-42-4-661–701,ranking,I,O,T,I,
2016-42-4-661–701,task,I,O,T,I,
2016-42-4-661–701,and,O,O,F,O,
2016-42-4-661–701,other,O,O,F,O,
2016-42-4-661–701,tasks,O,O,F,O,
2016-42-4-661–701,based,O,O,F,O,
2016-42-4-661–701,on,O,O,F,O,
2016-42-4-661–701,linguistically,B,B,F,B,
2016-42-4-661–701,interesting,I,O,T,O,
2016-42-4-661–701,constructions,I,O,T,O,
2016-42-4-661–701,.,O,O,F,O,
2016-42-1-121–161,We,O,O,F,O,
2016-42-1-121–161,present,O,O,F,O,
2016-42-1-121–161,online,B,O,T,O,
2016-42-1-121–161,learning,I,O,T,O,
2016-42-1-121–161,techniques,I,O,T,O,
2016-42-1-121–161,for,O,O,F,O,
2016-42-1-121–161,statistical,B,B,F,B,
2016-42-1-121–161,machine,I,I,F,I,
2016-42-1-121–161,translation,I,I,F,I,
2016-42-1-121–161,(,O,O,F,O,
2016-42-1-121–161,SMT,B,B,F,B,
2016-42-1-121–161,),O,O,F,O,
2016-42-1-121–161,.,O,O,F,O,
2016-42-1-121–161,The,O,O,F,O,
2016-42-1-121–161,availability,O,O,F,O,
2016-42-1-121–161,of,O,O,F,O,
2016-42-1-121–161,large,O,O,F,O,
2016-42-1-121–161,training,B,O,T,B,
2016-42-1-121–161,data,I,O,T,I,
2016-42-1-121–161,sets,I,O,T,I,
2016-42-1-121–161,that,O,O,F,O,
2016-42-1-121–161,grow,O,O,F,O,
2016-42-1-121–161,constantly,O,O,F,O,
2016-42-1-121–161,over,O,O,F,O,
2016-42-1-121–161,time,O,O,F,O,
2016-42-1-121–161,is,O,O,F,O,
2016-42-1-121–161,becoming,O,O,F,O,
2016-42-1-121–161,more,O,O,F,O,
2016-42-1-121–161,and,O,O,F,O,
2016-42-1-121–161,more,O,O,F,O,
2016-42-1-121–161,frequent,O,O,F,O,
2016-42-1-121–161,in,O,O,F,O,
2016-42-1-121–161,the,O,O,F,O,
2016-42-1-121–161,field,O,O,F,O,
2016-42-1-121–161,of,O,O,F,O,
2016-42-1-121–161,SMT,B,B,F,B,
2016-42-1-121–161,—,O,O,F,O,
2016-42-1-121–161,for,O,O,F,O,
2016-42-1-121–161,example,O,O,F,O,
2016-42-1-121–161,",",O,O,F,O,
2016-42-1-121–161,in,O,O,F,O,
2016-42-1-121–161,the,O,O,F,O,
2016-42-1-121–161,context,O,O,F,O,
2016-42-1-121–161,of,O,O,F,O,
2016-42-1-121–161,translation,B,B,F,B,
2016-42-1-121–161,agencies,I,I,F,I,
2016-42-1-121–161,or,O,O,F,O,
2016-42-1-121–161,the,O,O,F,O,
2016-42-1-121–161,daily,B,O,T,O,
2016-42-1-121–161,translation,I,O,T,O,
2016-42-1-121–161,of,I,O,T,O,
2016-42-1-121–161,government,I,O,T,O,
2016-42-1-121–161,proceedings,I,O,T,O,
2016-42-1-121–161,.,O,O,F,O,
2016-42-1-121–161,When,O,O,F,O,
2016-42-1-121–161,new,O,O,F,O,
2016-42-1-121–161,knowledge,B,O,T,O,
2016-42-1-121–161,is,O,O,F,O,
2016-42-1-121–161,to,O,O,F,O,
2016-42-1-121–161,be,O,O,F,O,
2016-42-1-121–161,incorporated,O,O,F,O,
2016-42-1-121–161,in,O,O,F,O,
2016-42-1-121–161,the,O,O,F,O,
2016-42-1-121–161,SMT,B,B,F,B,
2016-42-1-121–161,models,I,O,T,I,
2016-42-1-121–161,",",O,O,F,O,
2016-42-1-121–161,the,O,O,F,O,
2016-42-1-121–161,use,O,O,F,O,
2016-42-1-121–161,of,O,O,F,O,
2016-42-1-121–161,batch,B,B,F,B,
2016-42-1-121–161,learning,I,I,F,I,
2016-42-1-121–161,techniques,I,O,T,O,
2016-42-1-121–161,require,O,O,F,O,
2016-42-1-121–161,very,O,O,F,O,
2016-42-1-121–161,time,B,O,T,O,
2016-42-1-121–161,-,I,O,T,O,
2016-42-1-121–161,consuming,I,O,T,O,
2016-42-1-121–161,estimation,I,O,T,O,
2016-42-1-121–161,processes,I,O,T,O,
2016-42-1-121–161,over,O,O,F,O,
2016-42-1-121–161,the,O,O,F,O,
2016-42-1-121–161,whole,O,O,F,O,
2016-42-1-121–161,training,B,O,T,B,
2016-42-1-121–161,set,I,O,T,I,
2016-42-1-121–161,that,O,O,F,O,
2016-42-1-121–161,may,O,O,F,O,
2016-42-1-121–161,take,O,O,F,O,
2016-42-1-121–161,days,O,O,F,O,
2016-42-1-121–161,or,O,O,F,O,
2016-42-1-121–161,weeks,O,O,F,O,
2016-42-1-121–161,to,O,O,F,O,
2016-42-1-121–161,be,O,O,F,O,
2016-42-1-121–161,executed,O,O,F,O,
2016-42-1-121–161,.,O,O,F,O,
2016-42-1-121–161,By,O,O,F,O,
2016-42-1-121–161,means,O,O,F,O,
2016-42-1-121–161,of,O,O,F,O,
2016-42-1-121–161,the,O,O,F,O,
2016-42-1-121–161,application,O,O,F,O,
2016-42-1-121–161,of,O,O,F,O,
2016-42-1-121–161,online,B,O,T,O,
2016-42-1-121–161,learning,I,O,T,O,
2016-42-1-121–161,",",O,O,F,O,
2016-42-1-121–161,new,O,O,F,O,
2016-42-1-121–161,training,B,B,F,B,
2016-42-1-121–161,samples,I,I,F,I,
2016-42-1-121–161,can,O,O,F,O,
2016-42-1-121–161,be,O,O,F,O,
2016-42-1-121–161,processed,B,O,T,O,
2016-42-1-121–161,individually,O,O,F,O,
2016-42-1-121–161,in,O,O,F,O,
2016-42-1-121–161,real,B,O,T,O,
2016-42-1-121–161,time,I,O,T,O,
2016-42-1-121–161,.,O,O,F,O,
2016-42-1-121–161,For,O,O,F,O,
2016-42-1-121–161,this,O,O,F,O,
2016-42-1-121–161,purpose,O,O,F,O,
2016-42-1-121–161,",",O,O,F,O,
2016-42-1-121–161,we,O,O,F,O,
2016-42-1-121–161,define,O,O,F,O,
2016-42-1-121–161,a,O,O,F,O,
2016-42-1-121–161,state,B,O,T,B,
2016-42-1-121–161,-,I,O,T,I,
2016-42-1-121–161,of,I,O,T,I,
2016-42-1-121–161,-,I,O,T,I,
2016-42-1-121–161,the,I,O,T,I,
2016-42-1-121–161,-,I,O,T,I,
2016-42-1-121–161,art,I,O,T,I,
2016-42-1-121–161,SMT,B,B,F,B,
2016-42-1-121–161,model,I,O,T,I,
2016-42-1-121–161,composed,O,O,F,O,
2016-42-1-121–161,of,O,O,F,O,
2016-42-1-121–161,a,O,O,F,O,
2016-42-1-121–161,set,O,O,F,O,
2016-42-1-121–161,of,O,O,F,O,
2016-42-1-121–161,submodels,B,O,T,B,
2016-42-1-121–161,",",O,O,F,O,
2016-42-1-121–161,as,O,O,F,O,
2016-42-1-121–161,well,O,O,F,O,
2016-42-1-121–161,as,O,O,F,O,
2016-42-1-121–161,a,O,O,F,O,
2016-42-1-121–161,set,O,O,F,O,
2016-42-1-121–161,of,O,O,F,O,
2016-42-1-121–161,incremental,B,B,F,B,
2016-42-1-121–161,update,I,I,F,I,
2016-42-1-121–161,rules,I,O,T,O,
2016-42-1-121–161,for,O,O,F,O,
2016-42-1-121–161,each,O,O,F,O,
2016-42-1-121–161,of,O,O,F,O,
2016-42-1-121–161,these,O,O,F,O,
2016-42-1-121–161,submodels,B,O,T,B,
2016-42-1-121–161,.,O,O,F,O,
2016-42-1-121–161,To,O,O,F,O,
2016-42-1-121–161,test,O,O,F,O,
2016-42-1-121–161,our,O,O,F,O,
2016-42-1-121–161,techniques,O,O,F,O,
2016-42-1-121–161,",",O,O,F,O,
2016-42-1-121–161,we,O,O,F,O,
2016-42-1-121–161,have,O,O,F,O,
2016-42-1-121–161,studied,O,O,F,O,
2016-42-1-121–161,two,O,O,F,O,
2016-42-1-121–161,well,O,O,F,O,
2016-42-1-121–161,-,O,O,F,O,
2016-42-1-121–161,known,O,O,F,O,
2016-42-1-121–161,SMT,B,B,F,B,
2016-42-1-121–161,applications,I,O,T,O,
2016-42-1-121–161,that,O,O,F,O,
2016-42-1-121–161,can,O,O,F,O,
2016-42-1-121–161,be,O,O,F,O,
2016-42-1-121–161,used,O,O,F,O,
2016-42-1-121–161,in,O,O,F,O,
2016-42-1-121–161,translation,B,B,F,B,
2016-42-1-121–161,agencies,I,I,F,I,
2016-42-1-121–161,:,O,O,F,O,
2016-42-1-121–161,post,B,O,T,B,
2016-42-1-121–161,-,I,O,T,I,
2016-42-1-121–161,editing,I,O,T,I,
2016-42-1-121–161,and,O,O,F,O,
2016-42-1-121–161,interactive,B,O,T,B,
2016-42-1-121–161,machine,I,B,T,I,
2016-42-1-121–161,translation,I,I,F,I,
2016-42-1-121–161,.,O,O,F,O,
2016-42-1-121–161,In,O,O,F,O,
2016-42-1-121–161,both,O,O,F,O,
2016-42-1-121–161,scenarios,O,O,F,O,
2016-42-1-121–161,",",O,O,F,O,
2016-42-1-121–161,the,O,O,F,O,
2016-42-1-121–161,SMT,B,B,F,B,
2016-42-1-121–161,system,I,O,T,I,
2016-42-1-121–161,collaborates,B,O,T,O,
2016-42-1-121–161,with,O,O,F,O,
2016-42-1-121–161,the,O,O,F,O,
2016-42-1-121–161,user,O,O,F,O,
2016-42-1-121–161,to,O,O,F,O,
2016-42-1-121–161,generate,O,O,F,O,
2016-42-1-121–161,high,O,O,F,O,
2016-42-1-121–161,-,O,O,F,O,
2016-42-1-121–161,quality,O,O,F,O,
2016-42-1-121–161,translations,O,B,T,B,
2016-42-1-121–161,.,O,O,F,O,
2016-42-1-121–161,These,O,O,F,O,
2016-42-1-121–161,user,B,O,T,B,
2016-42-1-121–161,-,I,O,T,I,
2016-42-1-121–161,validated,I,O,T,I,
2016-42-1-121–161,translations,I,B,T,I,
2016-42-1-121–161,can,O,O,F,O,
2016-42-1-121–161,be,O,O,F,O,
2016-42-1-121–161,used,O,O,F,O,
2016-42-1-121–161,to,O,O,F,O,
2016-42-1-121–161,extend,O,O,F,O,
2016-42-1-121–161,the,O,O,F,O,
2016-42-1-121–161,SMT,B,B,F,B,
2016-42-1-121–161,models,I,O,T,I,
2016-42-1-121–161,by,O,O,F,O,
2016-42-1-121–161,means,O,O,F,O,
2016-42-1-121–161,of,O,O,F,O,
2016-42-1-121–161,online,B,O,T,O,
2016-42-1-121–161,learning,I,O,T,O,
2016-42-1-121–161,.,O,O,F,O,
2016-42-1-121–161,Empirical,B,O,T,B,
2016-42-1-121–161,results,I,O,T,I,
2016-42-1-121–161,in,O,O,F,O,
2016-42-1-121–161,the,O,O,F,O,
2016-42-1-121–161,two,O,O,F,O,
2016-42-1-121–161,scenarios,O,O,F,O,
2016-42-1-121–161,under,O,O,F,O,
2016-42-1-121–161,consideration,O,O,F,O,
2016-42-1-121–161,show,O,O,F,O,
2016-42-1-121–161,the,O,O,F,O,
2016-42-1-121–161,great,O,O,F,O,
2016-42-1-121–161,impact,O,O,F,O,
2016-42-1-121–161,of,O,O,F,O,
2016-42-1-121–161,frequent,B,O,T,O,
2016-42-1-121–161,updates,I,O,T,O,
2016-42-1-121–161,in,O,O,F,O,
2016-42-1-121–161,the,O,O,F,O,
2016-42-1-121–161,system,O,O,F,O,
2016-42-1-121–161,performance,O,O,F,O,
2016-42-1-121–161,.,O,O,F,O,
2016-42-1-121–161,The,O,O,F,O,
2016-42-1-121–161,time,B,O,T,O,
2016-42-1-121–161,cost,I,O,T,O,
2016-42-1-121–161,of,O,O,F,O,
2016-42-1-121–161,such,O,O,F,O,
2016-42-1-121–161,updates,B,O,T,O,
2016-42-1-121–161,was,O,O,F,O,
2016-42-1-121–161,also,O,O,F,O,
2016-42-1-121–161,measured,O,O,F,O,
2016-42-1-121–161,",",O,O,F,O,
2016-42-1-121–161,comparing,O,O,F,O,
2016-42-1-121–161,the,O,O,F,O,
2016-42-1-121–161,efficiency,B,O,T,O,
2016-42-1-121–161,of,O,O,F,O,
2016-42-1-121–161,a,O,O,F,O,
2016-42-1-121–161,batch,B,B,F,B,
2016-42-1-121–161,learning,I,I,F,I,
2016-42-1-121–161,SMT,I,B,T,I,
2016-42-1-121–161,system,I,O,T,I,
2016-42-1-121–161,with,O,O,F,O,
2016-42-1-121–161,that,O,O,F,O,
2016-42-1-121–161,of,O,O,F,O,
2016-42-1-121–161,an,O,O,F,O,
2016-42-1-121–161,online,B,O,T,O,
2016-42-1-121–161,learning,I,O,T,O,
2016-42-1-121–161,system,I,O,T,O,
2016-42-1-121–161,",",O,O,F,O,
2016-42-1-121–161,showing,O,O,F,O,
2016-42-1-121–161,that,O,O,F,O,
2016-42-1-121–161,online,B,O,T,O,
2016-42-1-121–161,learning,I,O,T,O,
2016-42-1-121–161,is,O,O,F,O,
2016-42-1-121–161,able,O,O,F,O,
2016-42-1-121–161,to,O,O,F,O,
2016-42-1-121–161,work,O,O,F,O,
2016-42-1-121–161,in,O,O,F,O,
2016-42-1-121–161,real,B,O,T,O,
2016-42-1-121–161,time,I,O,T,O,
2016-42-1-121–161,whereas,O,O,F,O,
2016-42-1-121–161,the,O,O,F,O,
2016-42-1-121–161,time,B,O,T,O,
2016-42-1-121–161,cost,I,O,T,O,
2016-42-1-121–161,of,O,O,F,O,
2016-42-1-121–161,batch,B,O,T,B,
2016-42-1-121–161,retraining,I,O,T,I,
2016-42-1-121–161,soon,O,O,F,O,
2016-42-1-121–161,becomes,O,O,F,O,
2016-42-1-121–161,infeasible,O,O,F,O,
2016-42-1-121–161,.,O,O,F,O,
2016-42-1-121–161,Empirical,B,O,T,B,
2016-42-1-121–161,results,I,O,T,I,
2016-42-1-121–161,also,O,O,F,O,
2016-42-1-121–161,showed,O,O,F,O,
2016-42-1-121–161,that,O,O,F,O,
2016-42-1-121–161,the,O,O,F,O,
2016-42-1-121–161,performance,O,O,F,O,
2016-42-1-121–161,of,O,O,F,O,
2016-42-1-121–161,online,B,O,T,O,
2016-42-1-121–161,learning,I,O,T,O,
2016-42-1-121–161,is,O,O,F,O,
2016-42-1-121–161,comparable,O,O,F,O,
2016-42-1-121–161,to,O,O,F,O,
2016-42-1-121–161,that,O,O,F,O,
2016-42-1-121–161,of,O,O,F,O,
2016-42-1-121–161,batch,B,O,T,B,
2016-42-1-121–161,learning,I,O,T,I,
2016-42-1-121–161,.,O,O,F,O,
2016-42-1-121–161,Moreover,O,O,F,O,
2016-42-1-121–161,",",O,O,F,O,
2016-42-1-121–161,the,O,O,F,O,
2016-42-1-121–161,proposed,O,O,F,O,
2016-42-1-121–161,techniques,O,O,F,O,
2016-42-1-121–161,were,O,O,F,O,
2016-42-1-121–161,able,O,O,F,O,
2016-42-1-121–161,to,O,O,F,O,
2016-42-1-121–161,learn,B,O,T,B,
2016-42-1-121–161,from,O,O,F,O,
2016-42-1-121–161,previously,B,O,T,O,
2016-42-1-121–161,estimated,I,O,T,O,
2016-42-1-121–161,models,I,O,T,O,
2016-42-1-121–161,or,O,O,F,O,
2016-42-1-121–161,from,B,O,T,O,
2016-42-1-121–161,scratch,I,O,T,O,
2016-42-1-121–161,.,O,O,F,O,
2016-42-1-121–161,We,O,O,F,O,
2016-42-1-121–161,also,O,O,F,O,
2016-42-1-121–161,propose,O,O,F,O,
2016-42-1-121–161,two,O,O,F,O,
2016-42-1-121–161,new,O,O,F,O,
2016-42-1-121–161,measures,B,O,T,O,
2016-42-1-121–161,to,O,O,F,O,
2016-42-1-121–161,predict,B,O,T,O,
2016-42-1-121–161,the,O,O,F,O,
2016-42-1-121–161,effectiveness,B,O,T,O,
2016-42-1-121–161,of,I,O,T,O,
2016-42-1-121–161,online,I,O,T,O,
2016-42-1-121–161,learning,I,O,T,O,
2016-42-1-121–161,in,O,O,F,O,
2016-42-1-121–161,SMT,B,B,F,B,
2016-42-1-121–161,tasks,I,O,T,I,
2016-42-1-121–161,.,O,O,F,O,
2016-42-1-121–161,The,O,O,F,O,
2016-42-1-121–161,translation,B,B,F,B,
2016-42-1-121–161,system,I,I,F,I,
2016-42-1-121–161,with,O,O,F,O,
2016-42-1-121–161,online,B,O,T,O,
2016-42-1-121–161,learning,I,O,T,O,
2016-42-1-121–161,capabilities,I,O,T,O,
2016-42-1-121–161,presented,O,O,F,O,
2016-42-1-121–161,here,O,O,F,O,
2016-42-1-121–161,is,O,O,F,O,
2016-42-1-121–161,implemented,O,O,F,O,
2016-42-1-121–161,in,O,O,F,O,
2016-42-1-121–161,the,O,O,F,O,
2016-42-1-121–161,open,B,O,T,O,
2016-42-1-121–161,-,I,O,T,O,
2016-42-1-121–161,source,I,O,T,O,
2016-42-1-121–161,Thot,I,O,T,O,
2016-42-1-121–161,toolkit,I,O,T,O,
2016-42-1-121–161,for,O,O,F,O,
2016-42-1-121–161,SMT,B,B,F,B,
2016-42-1-121–161,.,O,O,F,O,
2016-42-1-91–120,This,O,O,F,O,
2016-42-1-91–120,article,O,O,F,O,
2016-42-1-91–120,presents,O,O,F,O,
2016-42-1-91–120,a,O,O,F,O,
2016-42-1-91–120,comparative,B,O,T,O,
2016-42-1-91–120,study,I,O,T,O,
2016-42-1-91–120,of,O,O,F,O,
2016-42-1-91–120,a,O,O,F,O,
2016-42-1-91–120,subfield,O,O,F,O,
2016-42-1-91–120,of,O,O,F,O,
2016-42-1-91–120,morphology,B,B,F,B,
2016-42-1-91–120,learning,I,I,F,I,
2016-42-1-91–120,referred,O,O,F,O,
2016-42-1-91–120,to,O,O,F,O,
2016-42-1-91–120,as,O,O,F,O,
2016-42-1-91–120,minimally,B,O,T,B,
2016-42-1-91–120,supervised,I,O,T,I,
2016-42-1-91–120,morphological,I,B,T,I,
2016-42-1-91–120,segmentation,I,I,F,I,
2016-42-1-91–120,.,O,O,F,O,
2016-42-1-91–120,In,O,O,F,O,
2016-42-1-91–120,morphological,B,B,F,B,
2016-42-1-91–120,segmentation,I,I,F,I,
2016-42-1-91–120,",",O,O,F,O,
2016-42-1-91–120,word,B,O,T,B,
2016-42-1-91–120,forms,I,O,T,I,
2016-42-1-91–120,are,O,O,F,O,
2016-42-1-91–120,segmented,B,O,T,B,
2016-42-1-91–120,into,O,O,F,O,
2016-42-1-91–120,morphs,B,B,F,B,
2016-42-1-91–120,",",O,O,F,O,
2016-42-1-91–120,the,O,O,F,O,
2016-42-1-91–120,surface,B,O,T,B,
2016-42-1-91–120,forms,I,O,T,I,
2016-42-1-91–120,of,O,O,F,O,
2016-42-1-91–120,morphemes,B,B,F,B,
2016-42-1-91–120,.,O,O,F,O,
2016-42-1-91–120,In,O,O,F,O,
2016-42-1-91–120,the,O,O,F,O,
2016-42-1-91–120,minimally,B,O,T,B,
2016-42-1-91–120,supervised,I,O,T,I,
2016-42-1-91–120,data,I,O,T,I,
2016-42-1-91–120,-,I,O,T,I,
2016-42-1-91–120,driven,I,O,T,I,
2016-42-1-91–120,learning,I,O,T,I,
2016-42-1-91–120,setting,I,O,T,I,
2016-42-1-91–120,",",O,O,F,O,
2016-42-1-91–120,segmentation,B,B,F,B,
2016-42-1-91–120,models,I,I,F,I,
2016-42-1-91–120,are,O,O,F,O,
2016-42-1-91–120,learned,B,O,T,O,
2016-42-1-91–120,from,O,O,F,O,
2016-42-1-91–120,a,O,O,F,O,
2016-42-1-91–120,small,O,O,F,O,
2016-42-1-91–120,number,O,O,F,O,
2016-42-1-91–120,of,O,O,F,O,
2016-42-1-91–120,manually,B,B,F,B,
2016-42-1-91–120,annotated,I,I,F,I,
2016-42-1-91–120,word,I,O,T,O,
2016-42-1-91–120,forms,I,O,T,O,
2016-42-1-91–120,and,O,O,F,O,
2016-42-1-91–120,a,O,O,F,O,
2016-42-1-91–120,large,O,O,F,O,
2016-42-1-91–120,set,O,O,F,O,
2016-42-1-91–120,of,O,O,F,O,
2016-42-1-91–120,unannotated,B,B,F,B,
2016-42-1-91–120,word,I,O,T,O,
2016-42-1-91–120,forms,I,O,T,O,
2016-42-1-91–120,.,O,O,F,O,
2016-42-1-91–120,In,O,O,F,O,
2016-42-1-91–120,addition,O,O,F,O,
2016-42-1-91–120,to,O,O,F,O,
2016-42-1-91–120,providing,O,O,F,O,
2016-42-1-91–120,a,O,O,F,O,
2016-42-1-91–120,literature,B,O,T,O,
2016-42-1-91–120,survey,I,O,T,O,
2016-42-1-91–120,on,O,O,F,O,
2016-42-1-91–120,published,O,O,F,O,
2016-42-1-91–120,methods,O,O,F,O,
2016-42-1-91–120,",",O,O,F,O,
2016-42-1-91–120,we,O,O,F,O,
2016-42-1-91–120,present,O,O,F,O,
2016-42-1-91–120,an,O,O,F,O,
2016-42-1-91–120,in,O,O,F,O,
2016-42-1-91–120,-,O,O,F,O,
2016-42-1-91–120,depth,O,O,F,O,
2016-42-1-91–120,empirical,B,O,T,O,
2016-42-1-91–120,comparison,I,O,T,O,
2016-42-1-91–120,on,O,O,F,O,
2016-42-1-91–120,three,O,O,F,O,
2016-42-1-91–120,diverse,O,O,F,O,
2016-42-1-91–120,model,B,O,T,B,
2016-42-1-91–120,families,I,O,T,I,
2016-42-1-91–120,",",O,O,F,O,
2016-42-1-91–120,including,O,O,F,O,
2016-42-1-91–120,a,O,O,F,O,
2016-42-1-91–120,detailed,O,O,F,O,
2016-42-1-91–120,error,B,B,F,B,
2016-42-1-91–120,analysis,I,I,F,I,
2016-42-1-91–120,.,O,O,F,O,
2016-42-1-91–120,Based,O,O,F,O,
2016-42-1-91–120,on,O,O,F,O,
2016-42-1-91–120,the,O,O,F,O,
2016-42-1-91–120,literature,B,O,T,O,
2016-42-1-91–120,survey,I,O,T,O,
2016-42-1-91–120,",",O,O,F,O,
2016-42-1-91–120,we,O,O,F,O,
2016-42-1-91–120,conclude,O,O,F,O,
2016-42-1-91–120,that,O,O,F,O,
2016-42-1-91–120,the,O,O,F,O,
2016-42-1-91–120,existing,O,O,F,O,
2016-42-1-91–120,methodology,O,O,F,O,
2016-42-1-91–120,contains,O,O,F,O,
2016-42-1-91–120,substantial,O,O,F,O,
2016-42-1-91–120,work,O,O,F,O,
2016-42-1-91–120,on,O,O,F,O,
2016-42-1-91–120,generative,B,B,F,B,
2016-42-1-91–120,morph,I,I,F,I,
2016-42-1-91–120,lexicon,I,I,F,I,
2016-42-1-91–120,-,I,O,T,O,
2016-42-1-91–120,based,I,O,T,O,
2016-42-1-91–120,approaches,I,O,T,O,
2016-42-1-91–120,and,O,O,F,O,
2016-42-1-91–120,methods,O,O,F,O,
2016-42-1-91–120,based,O,O,F,O,
2016-42-1-91–120,on,O,O,F,O,
2016-42-1-91–120,discriminative,B,B,F,B,
2016-42-1-91–120,boundary,I,I,F,I,
2016-42-1-91–120,detection,I,O,T,I,
2016-42-1-91–120,.,O,O,F,O,
2016-42-1-91–120,As,O,O,F,O,
2016-42-1-91–120,for,O,O,F,O,
2016-42-1-91–120,which,O,O,F,O,
2016-42-1-91–120,approach,O,O,F,O,
2016-42-1-91–120,has,O,O,F,O,
2016-42-1-91–120,been,O,O,F,O,
2016-42-1-91–120,more,O,O,F,O,
2016-42-1-91–120,successful,O,O,F,O,
2016-42-1-91–120,",",O,O,F,O,
2016-42-1-91–120,both,O,O,F,O,
2016-42-1-91–120,the,O,O,F,O,
2016-42-1-91–120,previous,O,O,F,O,
2016-42-1-91–120,work,O,O,F,O,
2016-42-1-91–120,and,O,O,F,O,
2016-42-1-91–120,the,O,O,F,O,
2016-42-1-91–120,empirical,B,O,T,B,
2016-42-1-91–120,evaluation,I,O,T,I,
2016-42-1-91–120,presented,O,O,F,O,
2016-42-1-91–120,here,O,O,F,O,
2016-42-1-91–120,strongly,O,O,F,O,
2016-42-1-91–120,imply,O,O,F,O,
2016-42-1-91–120,that,O,O,F,O,
2016-42-1-91–120,the,O,O,F,O,
2016-42-1-91–120,current,O,O,F,O,
2016-42-1-91–120,state,B,O,T,O,
2016-42-1-91–120,of,I,O,T,O,
2016-42-1-91–120,the,I,O,T,O,
2016-42-1-91–120,art,I,O,T,O,
2016-42-1-91–120,is,O,O,F,O,
2016-42-1-91–120,yielded,O,O,F,O,
2016-42-1-91–120,by,O,O,F,O,
2016-42-1-91–120,the,O,O,F,O,
2016-42-1-91–120,discriminative,B,B,F,B,
2016-42-1-91–120,boundary,I,I,F,I,
2016-42-1-91–120,detection,I,O,T,I,
2016-42-1-91–120,methodology,I,O,T,I,
2016-42-1-91–120,.,O,O,F,O,
2016-42-2-245-275,Word,B,B,F,B,
2016-42-2-245-275,sense,I,I,F,I,
2016-42-2-245-275,disambiguation,I,I,F,I,
2016-42-2-245-275,and,O,O,F,O,
2016-42-2-245-275,the,O,O,F,O,
2016-42-2-245-275,related,O,O,F,O,
2016-42-2-245-275,field,O,O,F,O,
2016-42-2-245-275,of,O,O,F,O,
2016-42-2-245-275,automated,B,O,T,B,
2016-42-2-245-275,word,I,B,T,I,
2016-42-2-245-275,sense,I,I,F,I,
2016-42-2-245-275,induction,I,I,F,I,
2016-42-2-245-275,traditionally,O,O,F,O,
2016-42-2-245-275,assume,O,O,F,O,
2016-42-2-245-275,that,O,O,F,O,
2016-42-2-245-275,the,O,O,F,O,
2016-42-2-245-275,occurrences,B,O,T,O,
2016-42-2-245-275,of,O,O,F,O,
2016-42-2-245-275,a,O,O,F,O,
2016-42-2-245-275,lemma,B,B,F,B,
2016-42-2-245-275,can,O,O,F,O,
2016-42-2-245-275,be,O,O,F,O,
2016-42-2-245-275,partitioned,B,O,T,O,
2016-42-2-245-275,into,O,O,F,O,
2016-42-2-245-275,senses,B,O,T,O,
2016-42-2-245-275,.,O,O,F,O,
2016-42-2-245-275,But,O,O,F,O,
2016-42-2-245-275,this,O,O,F,O,
2016-42-2-245-275,seems,O,O,F,O,
2016-42-2-245-275,to,O,O,F,O,
2016-42-2-245-275,be,O,O,F,O,
2016-42-2-245-275,a,O,O,F,O,
2016-42-2-245-275,much,O,O,F,O,
2016-42-2-245-275,easier,O,O,F,O,
2016-42-2-245-275,task,O,O,F,O,
2016-42-2-245-275,for,O,O,F,O,
2016-42-2-245-275,some,O,O,F,O,
2016-42-2-245-275,lemmas,B,B,F,B,
2016-42-2-245-275,than,O,O,F,O,
2016-42-2-245-275,others,O,O,F,O,
2016-42-2-245-275,.,O,O,F,O,
2016-42-2-245-275,Our,O,O,F,O,
2016-42-2-245-275,work,O,O,F,O,
2016-42-2-245-275,builds,O,O,F,O,
2016-42-2-245-275,on,O,O,F,O,
2016-42-2-245-275,recent,O,O,F,O,
2016-42-2-245-275,work,O,O,F,O,
2016-42-2-245-275,that,O,O,F,O,
2016-42-2-245-275,proposes,O,O,F,O,
2016-42-2-245-275,describing,O,O,F,O,
2016-42-2-245-275,word,O,O,F,O,
2016-42-2-245-275,meaning,O,O,F,O,
2016-42-2-245-275,in,O,O,F,O,
2016-42-2-245-275,a,O,O,F,O,
2016-42-2-245-275,graded,B,O,T,O,
2016-42-2-245-275,fashion,I,O,T,O,
2016-42-2-245-275,rather,O,O,F,O,
2016-42-2-245-275,than,O,O,F,O,
2016-42-2-245-275,through,O,O,F,O,
2016-42-2-245-275,a,O,O,F,O,
2016-42-2-245-275,strict,B,O,T,B,
2016-42-2-245-275,partition,I,O,T,I,
2016-42-2-245-275,into,O,O,F,O,
2016-42-2-245-275,senses,B,O,T,B,
2016-42-2-245-275,,,O,O,F,O
2016-42-2-245-275,in,O,O,F,O,
2016-42-2-245-275,this,O,O,F,O,
2016-42-2-245-275,article,O,O,F,O,
2016-42-2-245-275,we,O,O,F,O,
2016-42-2-245-275,argue,O,O,F,O,
2016-42-2-245-275,that,O,O,F,O,
2016-42-2-245-275,not,O,O,F,O,
2016-42-2-245-275,all,O,O,F,O,
2016-42-2-245-275,lemmas,B,B,F,B,
2016-42-2-245-275,may,O,O,F,O,
2016-42-2-245-275,need,O,O,F,O,
2016-42-2-245-275,the,O,O,F,O,
2016-42-2-245-275,more,O,O,F,O,
2016-42-2-245-275,complex,O,O,F,O,
2016-42-2-245-275,graded,B,O,T,O,
2016-42-2-245-275,analysis,I,O,T,O,
2016-42-2-245-275,",",O,O,F,O,
2016-42-2-245-275,depending,O,O,F,O,
2016-42-2-245-275,on,O,O,F,O,
2016-42-2-245-275,their,O,O,F,O,
2016-42-2-245-275,partitionability,B,B,F,B,
2016-42-2-245-275,.,O,O,F,O,
2016-42-2-245-275,Although,O,O,F,O,
2016-42-2-245-275,there,O,O,F,O,
2016-42-2-245-275,is,O,O,F,O,
2016-42-2-245-275,plenty,O,O,F,O,
2016-42-2-245-275,of,O,O,F,O,
2016-42-2-245-275,evidence,O,O,F,O,
2016-42-2-245-275,from,O,O,F,O,
2016-42-2-245-275,previous,O,O,F,O,
2016-42-2-245-275,studies,O,O,F,O,
2016-42-2-245-275,and,O,O,F,O,
2016-42-2-245-275,from,O,O,F,O,
2016-42-2-245-275,the,O,O,F,O,
2016-42-2-245-275,linguistics,O,B,T,O,
2016-42-2-245-275,literature,O,I,T,O,
2016-42-2-245-275,that,O,O,F,O,
2016-42-2-245-275,there,O,O,F,O,
2016-42-2-245-275,is,O,O,F,O,
2016-42-2-245-275,a,O,O,F,O,
2016-42-2-245-275,spectrum,B,O,T,B,
2016-42-2-245-275,of,I,O,T,I,
2016-42-2-245-275,partitionability,I,B,T,I,
2016-42-2-245-275,of,O,O,F,O,
2016-42-2-245-275,word,O,O,F,O,
2016-42-2-245-275,meanings,O,O,F,O,
2016-42-2-245-275,",",O,O,F,O,
2016-42-2-245-275,this,O,O,F,O,
2016-42-2-245-275,is,O,O,F,O,
2016-42-2-245-275,the,O,O,F,O,
2016-42-2-245-275,first,O,O,F,O,
2016-42-2-245-275,attempt,O,O,F,O,
2016-42-2-245-275,to,O,O,F,O,
2016-42-2-245-275,measure,O,O,F,O,
2016-42-2-245-275,the,O,O,F,O,
2016-42-2-245-275,phenomenon,O,O,F,O,
2016-42-2-245-275,and,O,O,F,O,
2016-42-2-245-275,to,O,O,F,O,
2016-42-2-245-275,couple,O,O,F,O,
2016-42-2-245-275,the,O,O,F,O,
2016-42-2-245-275,machine,B,B,F,B,
2016-42-2-245-275,learning,I,I,F,I,
2016-42-2-245-275,literature,I,I,F,I,
2016-42-2-245-275,on,O,O,F,O,
2016-42-2-245-275,clusterability,B,B,F,B,
2016-42-2-245-275,with,O,O,F,O,
2016-42-2-245-275,word,O,O,F,O,
2016-42-2-245-275,usage,O,O,F,O,
2016-42-2-245-275,data,O,O,F,O,
2016-42-2-245-275,used,O,O,F,O,
2016-42-2-245-275,in,O,O,F,O,
2016-42-2-245-275,computational,B,B,F,B,
2016-42-2-245-275,linguistics,I,I,F,I,
2016-42-2-245-275,.,O,O,F,O,
2016-42-2-245-275,We,O,O,F,O,
2016-42-2-245-275,propose,O,O,F,O,
2016-42-2-245-275,to,O,O,F,O,
2016-42-2-245-275,operationalize,B,O,T,B,
2016-42-2-245-275,partitionability,I,B,T,I,
2016-42-2-245-275,as,O,O,F,O,
2016-42-2-245-275,clusterability,B,B,F,B,
2016-42-2-245-275,",",O,O,F,O,
2016-42-2-245-275,a,O,O,F,O,
2016-42-2-245-275,measure,O,O,F,O,
2016-42-2-245-275,of,O,O,F,O,
2016-42-2-245-275,how,O,O,F,O,
2016-42-2-245-275,easy,O,O,F,O,
2016-42-2-245-275,the,O,O,F,O,
2016-42-2-245-275,occurrences,O,O,F,O,
2016-42-2-245-275,of,O,O,F,O,
2016-42-2-245-275,a,O,O,F,O,
2016-42-2-245-275,lemma,B,B,F,B,
2016-42-2-245-275,are,O,O,F,O,
2016-42-2-245-275,to,O,O,F,O,
2016-42-2-245-275,cluster,B,O,T,B,
2016-42-2-245-275,.,O,O,F,O,
2016-42-2-245-275,We,O,O,F,O,
2016-42-2-245-275,test,O,O,F,O,
2016-42-2-245-275,two,O,O,F,O,
2016-42-2-245-275,ways,O,O,F,O,
2016-42-2-245-275,of,O,O,F,O,
2016-42-2-245-275,measuring,O,O,F,O,
2016-42-2-245-275,clusterability,B,B,F,B,
2016-42-2-245-275,:,O,O,F,O,
2016-42-2-245-275,(,O,O,F,O,
2016-42-2-245-275,1,O,O,F,O,
2016-42-2-245-275,),O,O,F,O,
2016-42-2-245-275,existing,O,O,F,O,
2016-42-2-245-275,measures,O,O,F,O,
2016-42-2-245-275,from,O,O,F,O,
2016-42-2-245-275,the,O,O,F,O,
2016-42-2-245-275,machine,B,B,F,B,
2016-42-2-245-275,learning,I,I,F,I,
2016-42-2-245-275,literature,I,I,F,I,
2016-42-2-245-275,that,O,O,F,O,
2016-42-2-245-275,aim,O,O,F,O,
2016-42-2-245-275,to,O,O,F,O,
2016-42-2-245-275,measure,O,O,F,O,
2016-42-2-245-275,the,O,O,F,O,
2016-42-2-245-275,goodness,B,O,T,B,
2016-42-2-245-275,of,I,O,T,I,
2016-42-2-245-275,optimal,I,O,T,I,
2016-42-2-245-275,k,I,O,T,I,
2016-42-2-245-275,-,I,O,T,I,
2016-42-2-245-275,means,I,O,T,I,
2016-42-2-245-275,clusterings,I,O,T,I,
2016-42-2-245-275,",",O,O,F,O,
2016-42-2-245-275,and,O,O,F,O,
2016-42-2-245-275,(,O,O,F,O,
2016-42-2-245-275,2,O,O,F,O,
2016-42-2-245-275,),O,O,F,O,
2016-42-2-245-275,the,O,O,F,O,
2016-42-2-245-275,idea,O,O,F,O,
2016-42-2-245-275,that,O,O,F,O,
2016-42-2-245-275,if,O,O,F,O,
2016-42-2-245-275,a,O,O,F,O,
2016-42-2-245-275,lemma,B,B,F,B,
2016-42-2-245-275,is,O,O,F,O,
2016-42-2-245-275,more,O,O,F,O,
2016-42-2-245-275,clusterable,B,O,T,B,
2016-42-2-245-275,",",O,O,F,O,
2016-42-2-245-275,two,O,O,F,O,
2016-42-2-245-275,clusterings,B,O,T,B,
2016-42-2-245-275,based,O,O,F,O,
2016-42-2-245-275,on,O,O,F,O,
2016-42-2-245-275,two,O,O,F,O,
2016-42-2-245-275,different,O,O,F,O,
2016-42-2-245-275,“,B,O,T,O,
2016-42-2-245-275,views,I,O,T,O,
2016-42-2-245-275,”,I,O,T,O,
2016-42-2-245-275,of,O,O,F,O,
2016-42-2-245-275,the,O,O,F,O,
2016-42-2-245-275,same,O,O,F,O,
2016-42-2-245-275,data,O,O,F,O,
2016-42-2-245-275,points,O,O,F,O,
2016-42-2-245-275,will,O,O,F,O,
2016-42-2-245-275,be,O,O,F,O,
2016-42-2-245-275,more,O,O,F,O,
2016-42-2-245-275,congruent,B,O,T,B,
2016-42-2-245-275,.,O,O,F,O,
2016-42-2-245-275,The,O,O,F,O,
2016-42-2-245-275,two,O,O,F,O,
2016-42-2-245-275,views,O,O,F,O,
2016-42-2-245-275,that,O,O,F,O,
2016-42-2-245-275,we,O,O,F,O,
2016-42-2-245-275,use,O,O,F,O,
2016-42-2-245-275,are,O,O,F,O,
2016-42-2-245-275,two,O,O,F,O,
2016-42-2-245-275,different,O,O,F,O,
2016-42-2-245-275,sets,O,O,F,O,
2016-42-2-245-275,of,O,O,F,O,
2016-42-2-245-275,manually,B,O,T,B,
2016-42-2-245-275,constructed,I,O,T,I,
2016-42-2-245-275,lexical,I,B,T,I,
2016-42-2-245-275,substitutes,I,O,T,I,
2016-42-2-245-275,for,O,O,F,O,
2016-42-2-245-275,the,O,O,F,O,
2016-42-2-245-275,target,B,O,T,B,
2016-42-2-245-275,lemma,I,B,T,I,
2016-42-2-245-275,",",O,O,F,O,
2016-42-2-245-275,on,O,O,F,O,
2016-42-2-245-275,the,O,O,F,O,
2016-42-2-245-275,one,O,O,F,O,
2016-42-2-245-275,hand,O,O,F,O,
2016-42-2-245-275,monolingual,B,B,F,B,
2016-42-2-245-275,paraphrases,I,I,F,I,
2016-42-2-245-275,",",O,O,F,O,
2016-42-2-245-275,and,O,O,F,O,
2016-42-2-245-275,on,O,O,F,O,
2016-42-2-245-275,the,O,O,F,O,
2016-42-2-245-275,other,O,O,F,O,
2016-42-2-245-275,hand,O,O,F,O,
2016-42-2-245-275,translations,O,B,T,B,
2016-42-2-245-275,.,O,O,F,O,
2016-42-2-245-275,We,O,O,F,O,
2016-42-2-245-275,apply,O,O,F,O,
2016-42-2-245-275,automatic,B,B,F,B,
2016-42-2-245-275,clustering,I,I,F,I,
2016-42-2-245-275,to,O,O,F,O,
2016-42-2-245-275,the,O,O,F,O,
2016-42-2-245-275,manual,B,B,F,B,
2016-42-2-245-275,annotations,I,I,F,I,
2016-42-2-245-275,.,O,O,F,O,
2016-42-2-245-275,We,O,O,F,O,
2016-42-2-245-275,use,O,O,F,O,
2016-42-2-245-275,manual,B,B,F,B,
2016-42-2-245-275,annotations,I,I,F,I,
2016-42-2-245-275,because,O,O,F,O,
2016-42-2-245-275,we,O,O,F,O,
2016-42-2-245-275,want,O,O,F,O,
2016-42-2-245-275,the,O,O,F,O,
2016-42-2-245-275,representations,B,O,T,O,
2016-42-2-245-275,of,O,O,F,O,
2016-42-2-245-275,the,O,O,F,O,
2016-42-2-245-275,instances,B,O,T,B,
2016-42-2-245-275,that,O,O,F,O,
2016-42-2-245-275,we,O,O,F,O,
2016-42-2-245-275,cluster,B,O,T,B,
2016-42-2-245-275,to,O,O,F,O,
2016-42-2-245-275,be,O,O,F,O,
2016-42-2-245-275,as,O,O,F,O,
2016-42-2-245-275,informative,B,O,T,B,
2016-42-2-245-275,and,O,O,F,O,
2016-42-2-245-275,“,B,O,T,O,
2016-42-2-245-275,clean,I,O,T,O,
2016-42-2-245-275,”,I,O,T,O,
2016-42-2-245-275,as,O,O,F,O,
2016-42-2-245-275,possible,O,O,F,O,
2016-42-2-245-275,.,O,O,F,O,
2016-42-2-245-275,We,O,O,F,O,
2016-42-2-245-275,show,O,O,F,O,
2016-42-2-245-275,that,O,O,F,O,
2016-42-2-245-275,when,O,O,F,O,
2016-42-2-245-275,we,O,O,F,O,
2016-42-2-245-275,control,B,O,T,O,
2016-42-2-245-275,for,O,O,F,O,
2016-42-2-245-275,polysemy,B,O,T,B,
2016-42-2-245-275,",",O,O,F,O,
2016-42-2-245-275,our,O,O,F,O,
2016-42-2-245-275,measures,O,O,F,O,
2016-42-2-245-275,of,O,O,F,O,
2016-42-2-245-275,clusterability,B,O,T,B,
2016-42-2-245-275,tend,O,O,F,O,
2016-42-2-245-275,to,O,O,F,O,
2016-42-2-245-275,correlate,B,O,T,B,
2016-42-2-245-275,with,O,O,F,O,
2016-42-2-245-275,partitionability,B,B,F,B,
2016-42-2-245-275,",",O,O,F,O,
2016-42-2-245-275,in,O,O,F,O,
2016-42-2-245-275,particular,O,O,F,O,
2016-42-2-245-275,some,O,O,F,O,
2016-42-2-245-275,of,O,O,F,O,
2016-42-2-245-275,the,O,O,F,O,
2016-42-2-245-275,type-(1,B,O,T,B,
2016-42-2-245-275,),I,O,T,I,
2016-42-2-245-275,clusterability,I,B,T,I,
2016-42-2-245-275,measures,I,O,T,I,
2016-42-2-245-275,",",O,O,F,O,
2016-42-2-245-275,and,O,O,F,O,
2016-42-2-245-275,that,O,O,F,O,
2016-42-2-245-275,these,O,O,F,O,
2016-42-2-245-275,measures,O,O,F,O,
2016-42-2-245-275,outperform,O,O,F,O,
2016-42-2-245-275,a,O,O,F,O,
2016-42-2-245-275,baseline,O,O,F,O,
2016-42-2-245-275,that,O,O,F,O,
2016-42-2-245-275,relies,O,O,F,O,
2016-42-2-245-275,on,O,O,F,O,
2016-42-2-245-275,the,O,O,F,O,
2016-42-2-245-275,amount,O,O,F,O,
2016-42-2-245-275,of,O,O,F,O,
2016-42-2-245-275,overlap,O,O,F,O,
2016-42-2-245-275,in,O,O,F,O,
2016-42-2-245-275,a,O,O,F,O,
2016-42-2-245-275,soft,B,O,T,B,
2016-42-2-245-275,clustering,I,O,T,I,
2016-42-2-245-275,.,O,O,F,O,
2016-42-2-277–306,Most,O,O,F,O,
2016-42-2-277–306,of,O,O,F,O,
2016-42-2-277–306,the,O,O,F,O,
2016-42-2-277–306,world,O,O,F,O,
2016-42-2-277–306,languages,O,O,F,O,
2016-42-2-277–306,are,O,O,F,O,
2016-42-2-277–306,resource,B,O,T,B,
2016-42-2-277–306,-,I,O,T,I,
2016-42-2-277–306,poor,I,O,T,I,
2016-42-2-277–306,for,O,O,F,O,
2016-42-2-277–306,statistical,B,B,F,B,
2016-42-2-277–306,machine,I,I,F,I,
2016-42-2-277–306,translation,I,I,F,I,
2016-42-2-277–306,,,O,O,F,O
2016-42-2-277–306,still,O,O,F,O,
2016-42-2-277–306,",",O,O,F,O,
2016-42-2-277–306,many,O,O,F,O,
2016-42-2-277–306,of,O,O,F,O,
2016-42-2-277–306,them,O,O,F,O,
2016-42-2-277–306,are,O,O,F,O,
2016-42-2-277–306,actually,O,O,F,O,
2016-42-2-277–306,related,B,O,T,B,
2016-42-2-277–306,to,O,O,F,O,
2016-42-2-277–306,some,O,O,F,O,
2016-42-2-277–306,resource,B,O,T,B,
2016-42-2-277–306,-,I,O,T,I,
2016-42-2-277–306,rich,I,O,T,I,
2016-42-2-277–306,language,I,O,T,I,
2016-42-2-277–306,.,O,O,F,O,
2016-42-2-277–306,Thus,O,O,F,O,
2016-42-2-277–306,",",O,O,F,O,
2016-42-2-277–306,we,O,O,F,O,
2016-42-2-277–306,propose,O,O,F,O,
2016-42-2-277–306,three,O,O,F,O,
2016-42-2-277–306,novel,O,O,F,O,
2016-42-2-277–306,",",O,O,F,O,
2016-42-2-277–306,language,B,O,T,B,
2016-42-2-277–306,-,I,O,T,I,
2016-42-2-277–306,independent,I,O,T,I,
2016-42-2-277–306,approaches,I,O,T,I,
2016-42-2-277–306,to,O,O,F,O,
2016-42-2-277–306,source,B,O,T,B,
2016-42-2-277–306,language,I,B,T,I,
2016-42-2-277–306,adaptation,I,I,F,I,
2016-42-2-277–306,for,O,O,F,O,
2016-42-2-277–306,resource,B,O,T,B,
2016-42-2-277–306,-,I,O,T,I,
2016-42-2-277–306,poor,I,O,T,I,
2016-42-2-277–306,statistical,I,B,T,I,
2016-42-2-277–306,machine,I,I,F,I,
2016-42-2-277–306,translation,I,I,F,I,
2016-42-2-277–306,.,O,O,F,O,
2016-42-2-277–306,Specifically,O,O,F,O,
2016-42-2-277–306,",",O,O,F,O,
2016-42-2-277–306,we,O,O,F,O,
2016-42-2-277–306,build,O,O,F,O,
2016-42-2-277–306,improved,O,O,F,O,
2016-42-2-277–306,statistical,B,B,F,B,
2016-42-2-277–306,machine,I,I,F,I,
2016-42-2-277–306,translation,I,I,F,I,
2016-42-2-277–306,models,I,O,T,I,
2016-42-2-277–306,from,O,O,F,O,
2016-42-2-277–306,a,O,O,F,O,
2016-42-2-277–306,resource,B,O,T,B,
2016-42-2-277–306,-,I,O,T,I,
2016-42-2-277–306,poor,I,O,T,I,
2016-42-2-277–306,language,I,O,T,I,
2016-42-2-277–306,POOR,B,O,T,B,
2016-42-2-277–306,into,O,O,F,O,
2016-42-2-277–306,a,O,O,F,O,
2016-42-2-277–306,target,B,B,F,B,
2016-42-2-277–306,language,I,I,F,I,
2016-42-2-277–306,TGT,I,B,T,I,
2016-42-2-277–306,by,O,O,F,O,
2016-42-2-277–306,adapting,B,O,T,B,
2016-42-2-277–306,and,O,O,F,O,
2016-42-2-277–306,using,O,O,F,O,
2016-42-2-277–306,a,O,O,F,O,
2016-42-2-277–306,large,B,O,T,B,
2016-42-2-277–306,bitext,I,B,T,I,
2016-42-2-277–306,for,O,O,F,O,
2016-42-2-277–306,a,O,O,F,O,
2016-42-2-277–306,related,B,O,T,B,
2016-42-2-277–306,resource,I,O,T,I,
2016-42-2-277–306,-,I,O,T,I,
2016-42-2-277–306,rich,I,O,T,I,
2016-42-2-277–306,language,I,O,T,I,
2016-42-2-277–306,RICH,B,O,T,I,
2016-42-2-277–306,and,O,O,F,O,
2016-42-2-277–306,the,O,O,F,O,
2016-42-2-277–306,same,O,O,F,O,
2016-42-2-277–306,target,B,B,F,B,
2016-42-2-277–306,language,I,I,F,I,
2016-42-2-277–306,TGT,B,B,F,B,
2016-42-2-277–306,.,O,O,F,O,
2016-42-2-277–306,We,O,O,F,O,
2016-42-2-277–306,assume,O,O,F,O,
2016-42-2-277–306,a,O,O,F,O,
2016-42-2-277–306,small,B,O,T,B,
2016-42-2-277–306,POOR,I,O,T,I,
2016-42-2-277–306,–,I,O,T,I,
2016-42-2-277–306,TGT,I,B,T,I,
2016-42-2-277–306,bitext,I,B,T,I,
2016-42-2-277–306,from,O,O,F,O,
2016-42-2-277–306,which,O,O,F,O,
2016-42-2-277–306,we,O,O,F,O,
2016-42-2-277–306,learn,B,O,T,O,
2016-42-2-277–306,word,B,O,T,O,
2016-42-2-277–306,-,I,O,T,O,
2016-42-2-277–306,level,I,O,T,O,
2016-42-2-277–306,and,I,O,T,O,
2016-42-2-277–306,phrase,I,O,T,O,
2016-42-2-277–306,-,I,O,T,O,
2016-42-2-277–306,level,I,O,T,O,
2016-42-2-277–306,paraphrases,I,O,T,O,
2016-42-2-277–306,and,O,O,F,O,
2016-42-2-277–306,cross,B,B,F,B,
2016-42-2-277–306,-,I,O,T,I,
2016-42-2-277–306,lingual,I,I,F,I,
2016-42-2-277–306,morphological,I,B,T,I,
2016-42-2-277–306,variants,I,O,T,I,
2016-42-2-277–306,between,O,O,F,O,
2016-42-2-277–306,the,O,O,F,O,
2016-42-2-277–306,resource,B,O,T,B,
2016-42-2-277–306,-,I,O,T,I,
2016-42-2-277–306,rich,I,O,T,I,
2016-42-2-277–306,and,O,O,F,O,
2016-42-2-277–306,the,O,O,F,O,
2016-42-2-277–306,resource,B,O,T,B,
2016-42-2-277–306,-,I,O,T,I,
2016-42-2-277–306,poor,I,O,T,I,
2016-42-2-277–306,language,I,O,T,I,
2016-42-2-277–306,.,O,O,F,O,
2016-42-2-277–306,Our,O,O,F,O,
2016-42-2-277–306,work,O,O,F,O,
2016-42-2-277–306,is,O,O,F,O,
2016-42-2-277–306,of,O,O,F,O,
2016-42-2-277–306,importance,O,O,F,O,
2016-42-2-277–306,for,O,O,F,O,
2016-42-2-277–306,resource,B,O,T,B,
2016-42-2-277–306,-,I,O,T,I,
2016-42-2-277–306,poor,I,O,T,I,
2016-42-2-277–306,machine,I,B,T,I,
2016-42-2-277–306,translation,I,I,F,I,
2016-42-2-277–306,because,O,O,F,O,
2016-42-2-277–306,it,O,O,F,O,
2016-42-2-277–306,can,O,O,F,O,
2016-42-2-277–306,provide,O,O,F,O,
2016-42-2-277–306,a,O,O,F,O,
2016-42-2-277–306,useful,O,O,F,O,
2016-42-2-277–306,guideline,B,O,T,B,
2016-42-2-277–306,for,O,O,F,O,
2016-42-2-277–306,people,O,O,F,O,
2016-42-2-277–306,building,O,O,F,O,
2016-42-2-277–306,machine,B,B,F,B,
2016-42-2-277–306,translation,I,I,F,I,
2016-42-2-277–306,systems,I,O,T,I,
2016-42-2-277–306,for,O,O,F,O,
2016-42-2-277–306,resource,B,O,T,B,
2016-42-2-277–306,-,I,O,T,I,
2016-42-2-277–306,poor,I,O,T,I,
2016-42-2-277–306,languages,I,O,T,I,
2016-42-2-277–306,.,O,O,F,O,
2016-42-2-277–306,Our,O,O,F,O,
2016-42-2-277–306,experiments,O,O,F,O,
2016-42-2-277–306,for,O,O,F,O,
2016-42-2-277–306,Indonesian,O,O,F,O,
2016-42-2-277–306,/,O,O,F,O,
2016-42-2-277–306,Malay,O,O,F,O,
2016-42-2-277–306,–,O,O,F,O,
2016-42-2-277–306,English,O,O,F,O,
2016-42-2-277–306,translation,O,B,T,O,
2016-42-2-277–306,show,O,O,F,O,
2016-42-2-277–306,that,O,O,F,O,
2016-42-2-277–306,using,O,O,F,O,
2016-42-2-277–306,the,O,O,F,O,
2016-42-2-277–306,large,B,O,T,B,
2016-42-2-277–306,adapted,I,O,T,I,
2016-42-2-277–306,resource,I,O,T,I,
2016-42-2-277–306,-,I,O,T,I,
2016-42-2-277–306,rich,I,O,T,I,
2016-42-2-277–306,bitext,I,B,T,I,
2016-42-2-277–306,yields,O,O,F,O,
2016-42-2-277–306,7.26,O,O,F,O,
2016-42-2-277–306,BLEU,B,B,F,B,
2016-42-2-277–306,points,O,O,F,O,
2016-42-2-277–306,of,O,O,F,O,
2016-42-2-277–306,improvement,O,O,F,O,
2016-42-2-277–306,over,O,O,F,O,
2016-42-2-277–306,the,O,O,F,O,
2016-42-2-277–306,unadapted,B,O,T,O,
2016-42-2-277–306,one,O,O,F,O,
2016-42-2-277–306,and,O,O,F,O,
2016-42-2-277–306,3.09,O,O,F,O,
2016-42-2-277–306,BLEU,B,B,F,B,
2016-42-2-277–306,points,O,O,F,O,
2016-42-2-277–306,over,O,O,F,O,
2016-42-2-277–306,the,O,O,F,O,
2016-42-2-277–306,original,O,O,F,O,
2016-42-2-277–306,small,B,O,T,O,
2016-42-2-277–306,bitext,I,B,T,O,
2016-42-2-277–306,.,O,O,F,O,
2016-42-2-277–306,Moreover,O,O,F,O,
2016-42-2-277–306,",",O,O,F,O,
2016-42-2-277–306,combining,O,O,F,O,
2016-42-2-277–306,the,O,O,F,O,
2016-42-2-277–306,small,B,O,T,B,
2016-42-2-277–306,POOR,I,O,T,I,
2016-42-2-277–306,–,I,O,T,I,
2016-42-2-277–306,TGT,I,O,T,I,
2016-42-2-277–306,bitext,I,O,T,I,
2016-42-2-277–306,with,O,O,F,O,
2016-42-2-277–306,the,O,O,F,O,
2016-42-2-277–306,adapted,B,O,T,B,
2016-42-2-277–306,bitext,I,B,T,I,
2016-42-2-277–306,outperforms,O,O,F,O,
2016-42-2-277–306,the,O,O,F,O,
2016-42-2-277–306,corresponding,O,O,F,O,
2016-42-2-277–306,combinations,O,O,F,O,
2016-42-2-277–306,with,O,O,F,O,
2016-42-2-277–306,the,O,O,F,O,
2016-42-2-277–306,unadapted,B,O,T,B,
2016-42-2-277–306,bitext,I,B,T,I,
2016-42-2-277–306,by,O,O,F,O,
2016-42-2-277–306,1.93–3.25,O,O,F,O,
2016-42-2-277–306,BLEU,B,B,F,B,
2016-42-2-277–306,points,O,O,F,O,
2016-42-2-277–306,.,O,O,F,O,
2016-42-2-277–306,We,O,O,F,O,
2016-42-2-277–306,also,O,O,F,O,
2016-42-2-277–306,demonstrate,O,O,F,O,
2016-42-2-277–306,the,O,O,F,O,
2016-42-2-277–306,applicability,B,O,T,O,
2016-42-2-277–306,of,O,O,F,O,
2016-42-2-277–306,our,O,O,F,O,
2016-42-2-277–306,approaches,O,O,F,O,
2016-42-2-277–306,to,O,O,F,O,
2016-42-2-277–306,other,O,O,F,O,
2016-42-2-277–306,languages,O,O,F,O,
2016-42-2-277–306,and,O,O,F,O,
2016-42-2-277–306,domains,B,O,T,B,
2016-42-2-277–306,.,O,O,F,O,
